word,reading,old_english,new_english,separated_from,lapses_jp_to_en,lapses_en_to_jp,example_jp,example_en,note_id
正解,せいかい,"correct answer, right interpretation; correct, right",correct answer (noun: the right answer to a quiz/test),"adjective 'correct', 'accurate'",1,51,正解は三番です。,The correct answer is number three.,1724229476599
状況,じょうきょう,"situation, circumstances, state of affairs","situation, circumstances (the current state of affairs)","case, mood/atmosphere, matter",2,43,今の状況を説明してください。,Please explain the current situation.,1733842606245
関係,かんけい,"relation, relationship, connection; participation, involvement, concern; influence, effect; sexual relations","relationship, connection (""has nothing to do with ~"")","influence, participation, relatives, contact",4,41,それは私とは関係ありません。,That has nothing to do with me.,1707991724116
提供,ていきょう,"offer, providing, supplying, making available; donating (blood, organs, etc.); sponsoring (a TV program)","to provide, to offer, to supply (of a business/service, to customers)",humble 'to give/offer' to a superior,12,38,このホテルは無料で朝食を提供しています。,This hotel provides breakfast free of charge.,1740776336768
宗教,しゅうきょう,"religion, belief, faith; religious activity","religion (faith system, e.g. Buddhism, Christianity)",trust/confidence,3,38,日本にはいろいろな宗教があります。,There are various religions in Japan.,1696505900974
性格,せいかく,"character, personality, disposition, nature","personality, temperament (a person's real nature, not a persona)","persona, human, heart, nature",26,38,彼はとても明るい性格です。,He has a very cheerful personality.,1703693757990
詳細,しょうさい,"details, particulars, specifics; detailed, specific, minute","details, particulars (noun; formal, e.g. ""details by email"")",adjective 'detailed / well-informed',2,35,詳細はメールで送ります。,I will send the details by email.,1728681216549
協商,きょうしょう,"negotiation, agreement","entente, alliance agreement between nations (diplomatic)","contract, promise, approval, consent",12,33,両国は協商を結んだ。,The two countries concluded an agreement.,1737467650673
親戚,しんせき,"relative, relation, kin","relative, relation (family member, e.g. cousin, aunt)",relationship/connection,2,32,お正月に親戚が集まります。,My relatives get together at New Year.,1713175804445
調整,ちょうせい,"adjustment, regulation; coordination, reconciliation; tuning","adjustment, coordination, fine-tuning (e.g. of a schedule, settings)",rule/regulation,14,30,会議の日程を調整します。,I'll coordinate the schedule for the meeting.,1750790787541
清潔,せいけつ,"clean, hygienic, sanitary; pure, virtuous","clean, hygienic (sanitary, free of germs/dirt)",to clean; pretty/tidy,7,29,台所はいつも清潔にしています。,I always keep the kitchen clean.,1713184770485
経済,けいざい,"economy, economics; finance, (one's) finances; being economical, thrift","economy, economics (of a country; also one's finances)",economical/financial adjective,6,29,日本の経済について勉強しています。,I'm studying the Japanese economy.,1703157947634
料金,りょうきん,"fee, charge, fare","fee, charge, fare (the price of a service, e.g. taxi, utilities)","suffix 'fee/cost', tuition fee",4,27,タクシーの料金はいくらですか？,How much is the taxi fare?,1709563570977
典型的,てんけいてき,"typical, representative, archetypal, quintessential","typical, archetypal (a textbook example of its kind)",'general/common',2,27,これは典型的な日本の朝ご飯です。,This is a typical Japanese breakfast.,1704746697195
配る,くばる,"to hand out, to distribute, to deliver, to deal out; to allot, to allocate","to hand out, to distribute (give one to each person)",to deliver (to someone's address),3,26,先生がテストを配りました。,The teacher handed out the tests.,1711467267842
変わる,かわる,"to change, to be transformed, to vary; to move (to); to be different, to be unusual","to change, to become different (intransitive: something changes itself)","change noun, differ, move, small change",7,26,この町はずいぶん変わりました。,This town has changed a lot.,1695375384449
合格,ごうかく,"passing (an exam), success; eligibility","passing (an exam), being accepted (noun; to pass a test)",success/achievement,3,25,弟は大学の試験に合格しました。,My younger brother passed the university exam.,1692675479860
別れる,わかれる,"to break up, to separate (of a couple); to part (from), to say goodbye","to break up, to part (people separating, e.g. a couple)","the adjective 'separate/different', to move away",1,25,彼女は去年彼氏と別れました。,She broke up with her boyfriend last year.,1688245590537
悔しい,くやしい,"frustrating, vexing, annoying, regrettable","frustrating, galling (bitter after losing/failing; not noisy-annoying)","noisy-annoying, can't be helped",13,25,負けてて悔しいです。,I'm frustrated that I lost.,1701361446122
捕まる,つかまる,"to be caught, to be arrested; to hold on to, to grasp; to get (e.g. a taxi)","to be caught, to be arrested; to hold on to (intransitive)","grab, receive, get",4,25,泥棒が警察に捕まった。,The thief was caught by the police.,1729802553334
危険,きけん,"danger, peril, hazard; risk",danger; dangerous (formal noun/na-adj.; hazard),"casual i-adj. 'dangerous', 'enemy/threat'",7,24,この川で泳ぐのは危険です。,It is dangerous to swim in this river.,1725625984055
賛成,さんせい,"approval, agreement, support, favour","agreement, approval (agreeing with an opinion/plan; in favour)","support/aid, contract, promise, OK/roger",22,23,私はその意見に賛成です。,I agree with that opinion.,1731352362249
契約,けいやく,"contract, agreement",contract (a formal signed agreement),"reservation, promise, approval, OK/roger",2,23,新しい部屋の契約をしました。,I signed the contract for my new apartment.,1738788286048
完成,かんせい,"completion, complete; perfection, accomplishment","completion (of a building/work: finished, made)","perfect, complete (adj.), graduation",4,23,新しい橋がやっと完成した。,The new bridge was finally completed.,1729717691092
解消,かいしょう,"resolution, cancellation; relief, reduction (e.g. of stress); liquidation","elimination, getting rid of (stress); dissolving (a contract, ties)","solution, discount, peace of mind [cross-check: 'relief' was inaccurate as main gloss and clashed with partner 安心]",4,23,運動はストレス解消になります。,Exercise helps relieve stress.,1755012057612
催促,さいそく,"pressing, urging, demanding; demand","pressing, urging (to chase someone up for payment/reply)",an order; demand as in supply and demand,5,22,大家さんに家賃の支払いを催促された。,My landlord pressed me to pay the rent.,1744816196139
広告,こうこく,"advertisement, advertising; announcement, notice","advertisement, ad (commercial: newspaper, online)","announcement, guidance/notice",9,22,新聞で仕事の広告を見ました。,I saw a job advertisement in the newspaper.,1697310810166
税金,ぜいきん,"tax, duty",tax (money paid to the government),"duty/obligation, responsibility",9,21,毎年、税金を払います。,I pay taxes every year.,1691013579705
形容詞,けいようし,adjective; i-adjective (in Japanese grammar),adjective (grammar term for the word class),grammar patterns using adjectives,1,21,「高い」は形容詞です。,"""Takai"" is an adjective.",1720186265840
投げる,なげる,"to throw, to hurl, to fling, to toss; to give up, to abandon","to throw, to toss (e.g. a ball; not throw away)","throw away, give up, yield",13,21,ボールを投げてください。,Please throw the ball.,1689617370991
就職,しゅうしょく,"finding employment, getting a job","getting a job, finding employment (first joining a company)","change of job, quitting a job",7,20,兄は銀行に就職した。,My older brother got a job at a bank.,1718655849310
祝日,しゅくじつ,"national holiday, public holiday","national holiday, public holiday (official nationwide day off)","vacation/leave, weekday",3,20,明日は祝日なので、学校は休みです。,"Tomorrow is a national holiday, so there's no school.",1710371592618
抜ける,ぬける,"to come out, to fall out; to be missing, to be omitted; to leave (e.g. a meeting), to escape; to pass through","to fall out, to come out (hair, teeth); to be missing","leave, exit, escape, quit",15,20,最近、髪の毛がよく抜ける。,Recently my hair has been falling out a lot.,1744815915509
優柔不断,ゆうじゅうふだん,"indecisiveness, indecision, vacillation; indecisive",indecisive; indecisiveness (can't make up one's mind),no clashes; trimmed,6,20,私は優柔不断で、なかなか決められない。,I'm indecisive and can never make up my mind.,1740776975565
殆ど,ほとんど,"mostly, nearly, almost; nearly all, most of","almost, nearly all (the vast majority; almost entirely)","'usually', 'roughly', 'many', 'soon'",2,20,ほとんど仕事をしています。,I'm working nearly all the time.,1703196434001
提出,ていしゅつ,"submission, turning in, filing; presentation (of documents); production (of evidence)","submission, handing in (of homework, reports, forms)","introduction, presentation, post, production",10,20,レポートを金曜日までに提出してください。,Please submit the report by Friday.,1744297663466
悲観的,ひかんてき,"pessimistic, gloomy",pessimistic (outlook; opposite of optimistic),"dark, heavy/gloomy",4,20,そんなに悲観的に考えないで。,Don't think so pessimistically.,1740776917268
共聴,きょうちょう,"shared, community (e.g. shared TV antenna)",shared reception (e.g. a building's shared TV antenna),"society/community, sharing in general",3,19,このマンションには共聴アンテナがあります。,This apartment building has a shared TV antenna.,1752597335502
殴る,なぐる,"to hit, to punch, to strike, to beat","to punch, to hit (with a fist, violently)","'hit/tap', 'defeat', 'attack'",2,19,彼は怒って壁を殴った。,He got angry and punched the wall.,1729802445302
共感,きょうかん,"empathy, sympathy; agreeing with someone's feelings",empathy; to relate to (sharing someone's feelings/views),"'pity/compassion', 'understanding'",1,19,彼の意見に共感しました。,I could relate to his opinion.,1733393630058
機会,きかい,"chance, opportunity","opportunity, chance (a good occasion to do something)","by chance, trigger/cue",12,19,去年、日本へ行く機会がありました。,Last year I had a chance to go to Japan.,1725625934704
生産,せいさん,"production, manufacture","production, manufacturing (making goods, e.g. in a factory)",production of evidence/submission,9,19,この工場では車を生産しています。,This factory produces cars.,1721654819905
計算,けいさん,"calculation, computation, counting; consideration, expectation, estimation","calculation, working out (numbers, costs)","consideration, expectation",2,19,旅行の総費用を計算してくれますか。,Can you work out the total cost of the trip?,1758352977246
怒る,おこる,"to get angry, to get mad; to tell someone off, to scold",to get angry; to tell off (losing one's temper),"to scold (rebuke, reprimand) only",3,18,父はすぐ怒ります。,My father gets angry easily.,1695387139434
主人公,しゅじんこう,"protagonist, main character, hero(ine); head of household","protagonist, main character (of a story)",brave/heroic,0,18,この小説の主人公は高校生です。,The protagonist of this novel is a high school student.,1728076117287
予定,よてい,"plans, arrangements, schedule","plans, schedule (what you intend to do; not preparations)",preparation words,9,18,週末の予定はありますか？,Do you have any plans for the weekend?,1688997654059
見つかる,みつかる,"to be found, to be discovered","to be found, to turn up (intransitive: something lost is found)",transitive 'to find',2,18,なくした財布が見つかった。,The wallet I lost was found.,1713176013293
成績,せいせき,"results, grades, marks, record","grades, results (overall school/work record, not one test score)",score/points,28,18,今学期は成績が上がりました。,My grades went up this semester.,1688245079877
紛らわしい,まぎらわしい,"confusingly similar, easily mixed up; misleading, ambiguous","confusingly similar, misleading (easily mixed up)",confuse/mistake verb,3,18,この二つの漢字は紛らわしい。,These two kanji are easily confused.,1719839856499
伝える,つたえる,"to convey, to tell, to communicate, to report; to transmit, to propagate; to teach, to bequeath","to convey, to tell, to pass on (a message, e.g. regards)","to teach, to deliver, to carry, honorific 'to say'",7,17,奥様によろしくお伝えください。,Please give my regards to your wife.,1725625902308
抱擁,ほうよう,"embrace, hug, holding in one's arms","embrace, hug (formal/written)",no clashes; register cue,6,17,二人は空港で抱擁した。,The two of them embraced at the airport.,1717730154449
努力,どりょく,"effort, exertion, endeavour","effort, hard work (to strive; making an effort)",no clashes; tightened,1,17,毎日努力すれば、上手になります。,"If you make an effort every day, you'll get better.",1738480902324
燃やす,もやす,to burn (something),"to burn (something) (transitive: set on fire, e.g. leaves)","intransitive 'burn', 'grill', 'scorch'",0,17,庭で落ち葉を燃やした。,I burned fallen leaves in the garden.,1722507062787
自己中心的,じこちゅうしんてき,"self-centered, egoistic, selfish","self-centered, egocentric (only thinks of oneself)",'selfish/willful/spoiled',0,17,自己中心的な人とは付き合いたくない。,I don't want to hang out with self-centered people.,1740776742451
気づく,きづく,"to notice, to realize, to become aware of, to recognize","to notice, to realize (suddenly become aware of something)","to know, notice (announcement)",6,17,財布を忘れたことに気づいた。,I realized I had forgotten my wallet.,1716373151060
詳しい,くわしい,"detailed, full; knowing very well, well-informed (about)",detailed; well-informed about (i-adjective: knows a lot),"the noun 'details', full (container/crowd)",4,16,彼は日本の歴史に詳しいです。,He knows a lot about Japanese history.,1733841686122
奨学金,しょうがくきん,"scholarship, stipend, bursary; student loan","scholarship, bursary (money awarded for study)",tuition fees,0,16,奨学金をもらって留学した。,I got a scholarship and studied abroad.,1713175796179
点ける,つける,"to turn on, to switch on; to light","to turn on, to switch on (a light, TV); to light (a fire)","light/electricity nouns, light adjectives",10,16,暗いから電気を点けてください。,"It's dark, so please turn on the light.",1676490617873
消極的,しょうきょくてき,"passive, half-hearted, unmotivated; negative","passive, half-hearted (opposite of proactive)",proactive,11,16,彼は何をするにも消極的だ。,He is passive about everything he does.,1740776773151
精神的,せいしんてき,"mental, emotional; spiritual","mental, emotional (of the mind and spirit, not ""psychological"")",psychological,6,16,彼の病気は主に精神的な物だった。,His illness was mainly psychological.,1754651565727
推薦状,すいせんじょう,"letter of recommendation, reference; letter of invitation","letter of recommendation, reference letter",recommendation,2,16,先生に推薦状を書いてもらった。,I had my teacher write me a letter of recommendation.,1713175814420
駐車場,ちゅうしゃじょう,"parking lot, car park, parking garage","parking lot, car park",parking,1,16,駐車場はどこにありますか？,Where is the parking lot?,1715329699984
同級生,どうきゅうせい,classmate,classmate (same school year),"coworker, senior",1,16,昨日、高校の同級生に会った。,I met a high school classmate yesterday.,1738664489353
開ける,あける,"to open (something), to unlock; to open (for business)","to open (transitive: you open something, e.g. a window)","open/hold, start",0,16,窓を開けてもいいですか？,May I open the window?,1669909066043
機嫌,きげん,"mood, temper, humor; in a good mood, in high spirits, cheery; health, well-being","mood, temper (a person's good/bad mood, e.g. grumpy)","feeling, atmosphere, physical condition",29,15,今日は妻の機嫌が悪い。,My wife is in a bad mood today.,1711467315344
溜まる,たまる,"to collect, to gather, to accumulate, to pile up; to be saved (of money)","to build up, to accumulate (intransitive: stress, dust, work)","transitive 'to save/amass', 'to collect'",1,15,仕事のストレスが溜まっています。,Stress from work is building up.,1733842689785
完全,かんぜん,"perfect, complete","complete, total, full (nothing missing; e.g. completely forgot)","flawless, completion, downright",1,15,約束を完全に忘れていた。,I completely forgot about the promise.,1728479840889
〜に因って,〜によって,"depending on; by (means of); due to, because of",depending on; by means of; due to (varies depending on ~),for the sake of / because of,1,15,国によって、違います。,It differs depending on the country.,1733844488115
几帳面,きちょうめん,"methodical, precise, meticulous, punctual","meticulous, methodical (of a person: neat, orderly, punctual)",accurate/precise (of facts),9,14,彼女は几帳面で、いつも時間を守る。,She is meticulous and is always on time.,1740776652554
負ける,まける,"to lose, to be defeated; to give in, to succumb, to yield","to lose (a match/game), to be defeated","to lose an item, to lose a loved one, to yield",5,14,昨日の試合で負けました。,We lost yesterday's match.,1689536576408
影響,えいきょう,"influence, effect, impact","influence, effect, impact (on someone/something)","relationship, result, charm",3,14,多くのテレビ番組が子供たちに悪い影響を与えている。,Many TV programmes have a bad influence on children.,1760018750758
沸く,わく,"to boil, to grow hot (e.g. water); to get excited, to erupt (in cheering); to ferment",to boil (intransitive: water boils); to get excited (crowd),transitive 'to boil water',2,14,お湯が沸いた。,The water has boiled.,1728415220239
集中,しゅうちゅう,"concentration, focusing; convergence, centralization","concentration, focus (to concentrate on something)",general study/effort,2,14,うるさくて勉強に集中できない。,It's so noisy I can't concentrate on studying.,1738663560782
現金,げんきん,"cash, ready money; mercenary, calculating","cash (notes and coins, not card)",money in general,1,14,この店は現金しか使えません。,This shop only takes cash.,1737237099043
行事,ぎょうじ,"event, function","(annual) event, function (planned school/community occasion)","incident, thing/matter",1,14,学校の行事に参加しました。,I took part in a school event.,1751895033062
調べる,しらべる,"to look up, to check; to examine, to investigate; to search, to study","to look up, to check, to investigate (find information)","to confirm, research, to learn",0,14,分からない言葉を辞書で調べます。,I look up words I don't know in the dictionary.,1708344807967
正直な,しょうじきな,"honest, frank, candid, straightforward","honest, frank (truthful; doesn't lie)","'serious/earnest', 'straight', 'correct'",20,14,彼はとても正直な人です。,He is a very honest person.,1696505881757
散らかる,ちらかる,"to be messy, to be in disorder; to lie scattered around","to be messy, to be cluttered (intransitive: a room, things)",no clashes; tightened,2,14,部屋は散らかり放題だった。,The room was in total disorder.,1754650774159
快適,かいてき,"pleasant, agreeable, comfortable","comfortable, pleasant (of a room, ride, environment)",'ease/easy',1,14,新しい部屋はとても快適です。,The new room is very comfortable.,1722507222530
攻撃,こうげき,"attack, assault, raid, offensive; criticism, censure","attack, offensive (military, or in sports/games)","'to assail', 'raid', 'aggressive'",0,14,敵が町を攻撃した。,The enemy attacked the town.,1728481754738
叫ぶ,さけぶ,"to shout, to scream, to yell, to cry; to clamor (for or against)","to shout, to scream (loudly; not crying in tears)",'to cry/weep',0,14,彼は助けを求めて叫んだ。,He shouted for help.,1744815036678
解決,かいけつ,"settlement, solution, resolution","solution, settlement (solving a problem or dispute)","answer, relief/cancellation",9,14,その問題はまだ解決されていない。,The problem is not settled yet.,1781785638596
事件,じけん,"incident, event, affair; case (e.g. criminal); scandal","incident, case (a crime, scandal or newsworthy event)","event/function, matter, case/situation",8,14,昨日、近所で事件があった。,There was an incident in my neighbourhood yesterday.,1725288613047
逃げる,にげる,"to escape, to run away","to run away, to escape, to flee (from danger or a pursuer)","come out/leave, escapism",2,14,猫が窓から逃げた。,The cat escaped through the window.,1738664592348
お湯を沸かす,おゆをわかす,to boil water,to boil water (e.g. for tea),to boil (intransitive),1,14,お湯を沸かして、お茶をいれた。,I boiled some water and made tea.,1718655607983
人生,じんせい,"(human) life, one's lifetime","(human) life, one's lifetime (life's course, not daily living)","daily life, life force",0,14,人生は一度しかない。,You only live once.,1722339135550
障害,しょうがい,"obstacle, hindrance, difficulty; disability, impairment, disorder; malfunction","obstacle; disability; (system) fault, failure","wall/barrier, trouble/bother",8,13,システムに障害が発生しました。,A fault has occurred in the system.,1738664998539
締め切り,しめきり,"deadline, closing, cut-off, end; closed (door, window, etc.)","deadline, cut-off (last date to submit something)","end, conclusion, termination",0,13,レポートの締め切りは金曜日です。,The deadline for the report is Friday.,1708344488104
最終日,さいしゅうび,"last day, final day","last day, final day (of an event, trip, sale)","end, deadline",0,13,今日は旅行の最終日です。,Today is the last day of the trip.,1735921919723
結局,けっきょく,"after all, in the end, ultimately, eventually; conclusion, end","in the end, after all (how things ultimately turned out)","'as expected', 'last', 'end/close'",11,13,ゆっくりと着実なのが結局勝つ。,Slow and steady wins the race in the end.,1766093998975
落とす,おとす,"to drop, to let fall; to lose; to lower","to drop (something), to let fall (transitive; may lose it)","'to fall', 'to lose', 'to lower'",6,13,財布を落としてしまった。,I dropped my wallet.,1722890779182
計画する,けいかくする,"to plan, to make a plan","to plan, to draw up a plan (one verb; a project, trip)","'resolution', 'to think/intend', set phrase",5,13,夏休みの旅行を計画しています。,I am planning a trip for the summer holidays.,1664922096070
恋しい,こいしい,"missed, longed for, yearned for","to miss, long for (yearning for someone/something absent)",'nostalgic',5,13,国の家族が恋しいです。,I miss my family back home.,1722258640404
着させる,きさせる,"to dress (someone), to make (someone) wear",to make/have someone wear (causative: dress someone),no clashes; tightened,3,13,子供にコートを着させました。,I had my child put on a coat.,1707484057595
お正月,おしょうがつ,New Year (esp. first three days),New Year (holidays; first days of January),no clashes,0,13,お正月に家族と神社に行きました。,I went to a shrine with my family at New Year.,1672254300104
家具,かぐ,furniture,"furniture (tables, chairs, beds)",'tool/utensil',0,13,新しい家具を買いました。,I bought new furniture.,1708344417115
独創的,どくそうてき,"creative, original","original, creative (inventive, never-seen-before ideas)","'unique', 'distinctive'",0,13,彼女はいつも独創的なアイデアを出す。,She always comes up with original ideas.,1740776883470
鑑定,かんてい,"appraisal, judgement, expert opinion","appraisal, expert assessment (of art, gems, authenticity)",thought/judgement,14,13,この絵を専門家に鑑定してもらった。,I had this painting appraised by an expert.,1728465012246
苦しい,くるしい,"painful, suffering; difficult, tough, hard","painful, agonizing (physical/mental suffering, e.g. hard to breathe)","tough, difficult, strict, sore",7,13,彼は過去の苦しい生活を黙想した。,He meditated on his past life of suffering.,1722258614333
金額,きんがく,"amount of money, sum of money","amount of money, sum (e.g. on an invoice)","total, quantity, number, fee",3,13,請求書の金額を確認してください。,Please check the amount on the invoice.,1740776267797
何度も,なんども,"many times, over and over; often","many times, over and over (repeatedly)",often,1,13,何度も電話したのに、出ませんでした。,"I called many times, but he didn't answer.",1731352567835
世紀,せいき,century; era; of the century (e.g. fight of the century),century (a period of 100 years),"era, decade",0,13,このお寺は八世紀に建てられました。,This temple was built in the eighth century.,1707686521892
止む,やむ,"to stop, to cease, to be over","to stop, to cease (of rain, wind, noise: ends naturally)","to stop/halt (vehicle), restrain",0,13,雨が止んだら出かけよう。,Let's go out once the rain stops.,1724769697254
不思議,ふしぎ,"mysterious, strange, wonderful, incredible; strangely enough, oddly enough, for some reason","mysterious, wondrous (can't be explained; not weird/odd)","weird/odd, wonderful, unbelievable",0,13,それは不思議な話だ。,That's a strange story.,1728383874836
配置,はいち,"arrangement, layout, configuration; deployment, stationing, posting","arrangement, layout, placement (positioning things/people)","settings/configuration, development/unfolding",6,12,それぞれのプレイヤーは、テーブルの前に3列×4枚のカードを裏向きにして配置します。,Each player arranges 3 rows of 4 cards face down in front of them on the table.,1751275544945
溜める,ためる,"to save (money), to amass, to accumulate, to store; to leave unpaid","to save up, to accumulate (transitive: you build it up)","intransitive 'to pile up', to rescue",5,12,老後のためにお金をためる。,I'm saving money for my old age.,1729802668544
表現,ひょうげん,"expression, presentation; representation, notation",expression (putting feelings/ideas into words or art),"presentation, facial expression, phrase",4,12,自分の気持ちを表現できない。,I can't express my feelings.,1733844388790
警報,けいほう,"alarm, warning","warning, alarm (official alert, e.g. heavy rain warning)",alarm clock,4,12,大雨警報が出ています。,A heavy rain warning has been issued.,1774001320165
中級,ちゅうきゅう,intermediate level,intermediate level (between beginner and advanced),"grade/level, stage",2,12,今は中級の日本語を勉強しています。,I'm currently studying intermediate Japanese.,1719839163954
基本,きほん,"basics, fundamentals, basis, foundation","basics, fundamentals (the foundation of a skill)",none (clarity),2,12,まず基本から勉強しましょう。,Let's study the basics first.,1729200132685
慣れる,なれる,"to get used to, to grow accustomed to; to become skilled in","to get used to, to become accustomed to",none (clarity),1,12,日本の生活にもう慣れました。,I've already gotten used to life in Japan.,1718655813383
届ける,とどける,"to deliver, to send; to report, to notify","to deliver, to take (something) to someone; to report (to authorities)","to arrive, to hand out, to send, to convey",1,12,この荷物を友達に届けてください。,Please deliver this package to my friend.,1721655771614
有効期限,ゆうこうきげん,"expiration date, expiry date; term of validity","expiry date, validity period (of a card/ticket/coupon)",deadline for submission,1,12,このカードの有効期限は来月までです。,This card is valid until next month.,1750237415676
片付ける,かたづける,"to tidy up, to put in order, to put away; to settle (a problem); to finish","to tidy up, to put away (one's things/room)","to clean/sweep, to summarize",0,12,部屋を片付けなさい。,Tidy up your room.,1722890900756
〜ことにする/〜ことにしている,〜ことにする/〜ことにしている,to decide to ~; to make it a rule to ~,to decide to ~ (by one's own will); to make it a rule to ~,"plain 'to decide', 'try to ~'",0,12,車を買うことにしました。,I've decided to buy a car.,1735641174719
暫く,しばらく,"for a while, for some time; for a moment; for now, for the time being; long time no see","for a while, for some time (adverb)","for now, long time no see",0,12,しばらくここにいるつもりです。,I plan on being here for a while.,1742474670614
独特,どくとく,"unique, characteristic, peculiar; uniqueness","unique to, peculiar (a flavour/style all its own)","'individualistic' person, 'feature', 'strange'",14,12,この料理には独特な味がある。,This dish has a unique flavour.,1720698033359
降りる,おりる,"to get off, to alight; to go down, to descend","to get off (a vehicle); to go down (stairs, a mountain)","'fall', 'drop/go down'",9,12,次の駅で電車を降ります。,I'll get off the train at the next station.,1675423622673
内容,ないよう,"contents, content, substance, matter","content, contents (what a book/talk is about)","'table of contents', 'substance/fruit', 'matter/thing'",2,12,この本の内容はとても面白いです。,The contents of this book are very interesting.,1702288557990
貸す,かす,"to lend, to loan; to rent out, to hire out",to lend (give for temporary use; not borrow),"'borrow', 'debt/loan'",2,12,友達に本を貸しました。,I lent a book to a friend.,1714330780076
下ろす,おろす,"to withdraw (money); to take down, to lower; to drop off (a passenger), to unload; to use or wear for the first time","to withdraw (money); to lower, to take down (transitive)",'to drop',1,12,銀行でお金を下ろしました。,I withdrew money at the bank.,1708344643650
知識,ちしき,"knowledge, information",knowledge (what one knows about a subject),'information/guidance',1,12,彼はコンピューターの知識が豊富です。,He has a wealth of knowledge about computers.,1733844427012
曲,きょく,"piece of music, song, track; tune, melody","piece of music, tune, track (the music, not the lyrics)","'song (sung)', 'tune/condition'",0,12,この曲が大好きです。,I love this song.,1672258981277
懐かしい,なつかしい,"nostalgic; dear (old), fondly remembered, missed",nostalgic (brings back fond memories of the past),'to miss / long for',0,12,この歌はとても懐かしい。,This song is really nostalgic.,1719565984915
公共,こうきょう,"public (facilities, service, etc.), communal","public (facilities, transport; for community use)","'society', 'official/outward'",0,12,公共の場所では静かにしましょう。,Let's be quiet in public places.,1733844011472
霧雨,きりさめ,"drizzle, light rain","drizzle (fine, misty rain)",no clashes,0,12,朝から霧雨が降っている。,It's been drizzling since this morning.,1741350198629
捜す,さがす,"to search for (something lost), to look for; to seek (e.g. a missing person, a suspect)",to search for (something lost or a missing person),look up/investigate,7,12,なくした財布を捜しています。,I'm looking for the wallet I lost.,1706905233831
需要,じゅよう,"demand (e.g. supply and demand), request",demand (economics: supply and ~),"order, request, urging",7,12,夏はエアコンの需要が増える。,Demand for air conditioners increases in summer.,1744816251702
危める,あやめる,"to kill, to murder; to wound","to kill, to harm (literary/euphemistic, not the everyday word)","kill (everyday), defeat, injury",3,12,彼は人を危めた罪で逮捕された。,He was arrested for killing someone.,1726771603820
手続,てつづき,"procedure, process, formalities","procedure, formalities, paperwork (administrative, not medical)","surgery/operation, standard procedure",2,12,車を買う手続は難しいですね。,"The procedure for buying a car is difficult, isn't it?",1743422741924
殺す,ころす,"to kill, to murder, to slay; to suppress, to hold back (feelings, voice); to spoil (e.g. a flavour)","to kill, to murder (the everyday, direct word)","literary kill, defeat, restrain",2,12,おまえはオレを殺そうとしている。,You are trying to kill me.,1768218620697
習慣,しゅうかん,"habit; (social) custom, practice, convention","habit, custom (a regular routine or social practice)","practice/training, convention, promise",1,12,毎朝走るのが習慣です。,Running every morning is my habit.,1708344505601
個性的,こせいてき,"distinctive, unique, individual, characteristic","individualistic, distinctive (full of personality, e.g. a person/fashion)","unique/peculiar, feature, personal [cross-check: 'unique' overlapped with leech 独特; focus on individuality]",1,12,彼の絵はとても個性的です。,His paintings are very distinctive.,1740776686479
掴む,つかむ,"to grab, to grasp, to seize, to grip; to obtain, to win; to understand, to comprehend","to grab, to grasp, to seize (with the hand; also grasp an idea)","be caught/hold on, win, understand",1,12,彼は私の腕を掴んだ。,He grabbed my arm.,1744816282391
署名,しょめい,signature,signature (formal: signing a document),signal,0,12,ここに署名してください。,Please sign here.,1737125777964
選ぶ,えらぶ,"to choose, to select","to choose, to select (pick one from several options)","to decide, to make up one's mind",23,11,好きな色を選んでください。,Please choose your favorite color.,1669911007160
再生,さいせい,"playback (of audio, video); regeneration, revival; rebirth; recycling","playback, play (a video/audio); regeneration, recycling",to play a game/instrument,4,11,この動画を再生してください。,Please play this video.,1725095918344
汚れる,よごれる,"to get dirty, to become dirty; to become sullied, to become corrupted",to get dirty (intransitive: becomes dirty),"the adjective 'dirty', transitive 'to make dirty'",0,11,雨で靴が汚れた。,My shoes got dirty in the rain.,1722890931748
中央,ちゅうおう,"centre, center, middle, heart; capital city, metropolis; central government","centre, middle (exact central position)","hub/downtown, capital, inside, heart",0,11,部屋の中央にテーブルがあります。,There is a table in the centre of the room.,1750237536397
面接,めんせつ,interview (e.g. for a job),interview (for a job or school admission),media interview,11,11,明日、会社の面接があります。,I have a job interview with a company tomorrow.,1732269431258
成功,せいこう,"success, achievement; prosperity",success (achieving a goal; not passing an exam),'passing an exam',1,11,成功。おめでとうございます。,Success! Congratulations.,1782914182691
付ける,つける,"to attach, to fasten, to add; to put on, to wear; to apply (e.g. ointment); to write down, to keep (a diary)","to attach, to add; to put on (accessories, ointment); to keep (a diary)","clothing 'wear' verbs, 'keep a pet'",0,11,毎日日記を付けています。,I keep a diary every day.,1715329578516
結果,けっか,"result, consequence, outcome, effect; as a result, consequently","result, outcome (what happened in the end)","effect/influence, in the end",4,11,結果は気にするな。,Don't worry about the results.,1730229466726
観察,かんさつ,"observation, survey, watching","observation, watching closely (careful study, e.g. science)","sightseeing, investigation/survey",2,11,科学は観察に基づいている。,Science rests upon observation.,1780476449472
部長,ぶちょう,"department head, director; head of a school club or team","department head, division manager (in a company; or club captain)","company president, coach, boss",0,11,部長に会議の結果を報告した。,I reported the results of the meeting to the department head.,1726514976409
運ぶ,はこぶ,"to carry, to transport, to move, to convey; to go (well), to proceed, to progress","to carry, to transport (transitive: move things somewhere)","convey/tell, change, move",0,11,荷物を運ぶ。,To carry luggage.,1731352109447
断る,ことわる,"to refuse, to decline, to turn down; to give notice, to tell in advance; to ask leave, to excuse oneself","to refuse, to decline, to turn down (an invitation/request)","to kick, to dump a partner, rubbish",9,10,友達の誘いを断りました。,I turned down my friend's invitation.,1743154715411
着替える,きかえる,to change one's clothes,to change one's clothes,none (clarity),5,10,家に帰ってすぐ着替えた。,I changed my clothes as soon as I got home.,1729802639209
慌ただしい,あわただしい,"busy, hectic, hurried; confused, flurried","hectic, hurried, bustling (a rushed period, e.g. year-end)",simply 'busy' / free time,4,10,年末はいつも慌ただしい。,The end of the year is always hectic.,1742474059542
往復,おうふく,"round trip, going and returning; round-trip ticket; exchange (of letters), correspondence; visiting one another","round trip, there and back (also round-trip ticket)","one-way, exchange",4,10,東京まで往復で二万円かかります。,"A round trip to Tokyo costs 20,000 yen.",1750237388662
任せる,まかせる,"to entrust (e.g. a task) to another, to leave to; to let something take its natural course; to rely on (one's strength, etc.)","to leave (a task) to someone, to entrust","to request/ask, to look after",3,10,その仕事は私に任せてください。,Please leave that job to me.,1727044556235
何でも,なんでも,"anything, whatever, whatever one likes; I hear, they say","anything (at all), whatever (you like)","something, apparently",2,10,何でも好きなものを食べてください。,Please eat whatever you like.,1686087023687
交通手段,こうつうしゅだん,"means of transportation, way of getting around","means of transport, way of getting around","vehicle, public transport",1,10,東京で一番便利な交通手段は電車です。,The most convenient means of transportation in Tokyo is the train.,1664922388992
滑る,すべる,"to slide, to slip, to glide; to fail (an exam); to bomb (of a joke)","to slip, to slide (on a smooth surface, e.g. ice)","to fall down, to fall/drop",1,10,雪の道で滑って転んだ。,I slipped and fell on the snowy road.,1715890274755
稼ぐ,かせぐ,"to earn (income), to make (money); to gain (time), to score (points); to work hard","to earn (money), to make a living","to make/produce, score/points",1,10,私は自分の生活費を稼がなくてはならない。,I have to earn my own living.,1754651051515
残酷,ざんこく,"cruel, brutal, ruthless, merciless","cruel, brutal, ruthless (na-adjective; deliberately merciless)","terrible/awful, painful/hard",1,10,怪物は残酷な微笑みを浮かべた。,The monster gave a cruel smile.,1778684020400
お世話する,おせわする,"to look after, to take care of","to look after, to take care of (a person/pet; give care)","to keep (something entrusted), to mind",0,10,週末は姉の子供をお世話します。,I look after my sister's kids on weekends.,1682802151408
輸入,ゆにゅう,"import, importation; introduction","import, importation (goods from abroad)",introduction,0,10,日本は多くの食料を輸入しています。,Japan imports a lot of food.,1720180505010
終了,しゅうりょう,"end, close, termination","end, termination (formal: something finishes/closes)","last, deadline, after all, to close",0,10,試合は五時に終了した。,The match ended at five o'clock.,1728481470499
蠍,さそり,scorpion,scorpion,none (clarity),0,10,砂漠でサソリを見ました。,I saw a scorpion in the desert.,1733843451564
推測,すいそく,"guess, conjecture","guess, conjecture (inference from evidence; formal)","'imagination', 'to estimate'",6,10,それはただの推測です。,That's just a guess.,1720180606555
郊外,こうがい,"suburbs, outskirts","suburbs, outskirts (of a city)",no clashes,5,10,私たちは郊外に住んでいます。,We live in the suburbs.,1746200517391
優勝,ゆうしょう,"overall victory, championship, winning first place","championship, winning first place (in a tournament)","'to win', 'tournament'",4,10,大会で優勝しました。,We won the championship at the tournament.,1732270104792
獲得,かくとく,"acquisition, possession, winning","acquisition, winning (a medal, prize, rights; formal)","'to win', 'to get'",3,10,彼は金メダルを獲得した。,He won a gold medal.,1728480792505
侵入,しんにゅう,"invasion, incursion, raid; intrusion, trespass","intrusion, breaking in (entering without permission)","'attack', 'police raid'",1,10,泥棒が窓から家に侵入した。,A burglar broke into the house through the window.,1720768928699
(volitional)〜おうと思っている,(volitional)〜おうとおもっている,"to be thinking of doing ~, to intend to ~","to be thinking of doing ~ (tentative intention, softer than 'intend')",'intend to ~' pattern,1,10,日本の会社で働こうと思っています。,I'm thinking of working for a Japanese company.,1727731817671
発音,はつおん,pronunciation; production of sound,pronunciation,no clashes; trimmed,0,10,日本語の発音は難しいですか？,Is Japanese pronunciation difficult?,1719839824706
老後,ろうご,"old age, life after retirement","old age, retirement years (life after retiring)",no clashes,0,10,老後のためにお金を貯めています。,I'm saving money for my old age.,1731922761795
拘り,こだわり,"particularity, fussiness; obsession, fixation; speciality (of a shop)","particularity, fussiness (being particular about something)",no clashes; trimmed,0,10,私は食べ物にこだわりがあります。,I'm particular about food.,1736513941765
行動,こうどう,"action, conduct, behavior; mobilization","action, behavior (what one actually does)",'activity',0,10,言葉より行動が大切だ。,Actions are more important than words.,1741556735317
後半,こうはん,"second half, latter half","second half, latter half (not the first half)",'first half',0,10,映画の後半はとてもおもしろかった。,The second half of the movie was really interesting.,1766094603342
初日,しょにち,"first day, opening day","first day, opening day (of a job, event, show)",beginning,4,10,仕事の初日はとても緊張した。,I was very nervous on my first day at work.,1712234511662
輸出,ゆしゅつ,"export, exportation",export (selling goods abroad),import,3,10,この国は車を輸出しています。,This country exports cars.,1720180515786
同情,どうじょう,"sympathy, compassion, pity","sympathy, pity (feeling sorry for someone; not shared feeling)","empathy, understanding, tears",3,10,友達に同情する。,To sympathise with one's friend.,1732269960622
給料,きゅうりょう,"salary, wages, pay","salary, wages, pay (from an employer)",to pay,2,10,給料日は毎月二十五日です。,Payday is the 25th of every month.,1718655360873
不満,ふまん,"dissatisfaction, discontent, displeasure, complaint","dissatisfaction, discontent (a feeling, not a spoken complaint)",complaint/grumbling,2,10,今の給料に不満があります。,I'm dissatisfied with my current salary.,1733393440379
役に立つ,やくにたつ,"to be useful, to be helpful","to be useful, to be helpful (serves a purpose; not ""convenient"")",convenient,2,10,この辞書はとても役に立つ。,This dictionary is very useful.,1738664704622
近づく,ちかづく,"to approach, to draw near, to get close; to get acquainted with, to get to know","to approach, to draw near (getting closer in space or time)","stop by, near",1,10,クリスマスが近づいてきた。,Christmas is approaching.,1759415592282
驚く,おどろく,"to be surprised, to be astonished","to be surprised, to be astonished (standard verb, not casual startled)",casual startled/surprise,0,10,その知らせに驚いた。,I was surprised by the news.,1730233060435
特徴,とくちょう,"feature, trait, characteristic, peculiarity","feature, characteristic (noun: a distinguishing trait)","distinctive adjective, unique",0,10,この車の特徴は何ですか？,What are the features of this car?,1766094067043
連絡,れんらく,"contact, getting in touch, communication; connection (with a train, bus, etc.)","contact, getting in touch (by phone, message, etc.)","contact lens, relationship",6,9,駅に着いたら連絡してください。,Please contact me when you get to the station.,1715329610888
後輩,こうはい,"junior (at work, school, etc.), younger student",junior (at school/work; someone who joined after you),"senior, older person",3,9,後輩と一緒に昼ご飯を食べました。,I ate lunch with my junior.,1731351892155
倒れる,たおれる,"to fall (over, down), to collapse, to topple; to be confined to bed, to break down (from overwork); to go bankrupt, to fail; to be overthrown","to fall over, to collapse (topple; person/tree/company)","to drop, to slip, to go down",2,9,強い風で木が倒れました。,A tree fell over in the strong wind.,1733843691075
保証,ほしょう,"guarantee, assurance, security; warranty","guarantee, warranty; to vouch for","insurance, safety",1,9,彼女の誠実さは私が保証します。,I can vouch for her sincerity.,1758352472354
共有,きょうゆう,"sharing, joint ownership, co-ownership; sharing (files, posts on social media, etc.)","sharing, joint ownership (to share a room/file)",social-media 'share',1,9,ケンは兄と部屋を共有している。,Ken shares a room with his older brother.,1770116553912
楽観的,らっかんてき,"optimistic, hopeful","optimistic, positive-thinking (na-adjective)",hope/expectation,0,9,彼はいつも楽観的に物事を考える。,He always looks at things optimistically.,1740777013038
必ず,かならず,"always, without fail, certainly, necessarily","without fail, definitely (will always/surely happen)","'by all means' request, 'indeed', 'I bet'",33,9,僕たちはかならず勝つ。,We will definitely win.,1701361974325
緊張する,きんちょうする,"to get nervous, to be tense","to get nervous, to be tense (before exams, performances)",no clashes; tightened,19,9,試験の前はいつも緊張します。,I always get nervous before exams.,1688245555132
帝国,ていこく,empire; imperial,empire (e.g. the Roman ...),no clashes,4,9,ローマ帝国は長く続いた。,The Roman Empire lasted a long time.,1720768901479
屹度,きっと,"surely, undoubtedly, most likely; sternly, severely","surely, I bet (confident guess about what will happen)","'indeed/certainly', 'without fail'",4,9,彼はきっと来るでしょう。,He will surely come.,1725627968183
充実する,じゅうじつする,"to be fulfilling, to be productive; to be full, to be substantial; to be well-equipped",to be fulfilling (of time/life: full and satisfying),no clashes; trimmed,4,9,今年の夏休みはとても充実していました。,This year's summer holiday was very fulfilling.,1748888036800
複雑,ふくざつ,"complex, complicated, intricate; mixed (feelings)","complicated, complex (many intertwined parts; also mixed feelings)","'difficult', 'troublesome/intricate'",2,9,この問題は複雑すぎます。,This problem is too complicated.,1704372248010
受け継ぐ,うけつぐ,"to inherit, to succeed (to), to take over","to inherit, to take over (a business, tradition)","'succeed (in a post)', 'be decided'",2,9,彼は父の店を受け継いだ。,He took over his father's shop.,1742474220260
合計,ごうけい,"total, sum total, total amount","total, sum (amounts added up)",no clashes,2,9,合計で三千円です。,"That comes to 3,000 yen in total.",1751291191414
崖,がけ,"cliff, precipice; brink (of a dangerous situation)","cliff, precipice",no clashes; trimmed,0,9,崖の近くは危ないです。,It's dangerous near the cliff.,1694637714356
伝統的,でんとうてき,"traditional, conventional",traditional (handed down for generations),no clashes,0,9,京都には伝統的な建物が多いです。,There are many traditional buildings in Kyoto.,1706707334210
髭を剃る,ひげをそる,to shave (one's beard),to shave one's beard (full phrase: beard + shave),bare 'to shave',0,9,父は毎朝髭を剃る。,My father shaves every morning.,1718655668539
地球,ちきゅう,"Earth, the globe","Earth, the globe (the planet)",'world',0,9,汚染が地球を傷つけている。,Pollution is damaging the earth.,1760017874992
~とすれば,~とすれば,"if ~, supposing ~, if one were to ~; if so, in that case","if ~, supposing ~ (hypothetical: ""if we assume that ~"")","if/when ~, and then",11,9,選ぶとすれば、僕はこれだな。,"If I had to choose, I'd go with this one.",1710948575962
盗む,ぬすむ,to steal,to steal,thief,3,9,その男が財布を盗むのを見た。,I saw that man steal the wallet.,1729802483795
方面,ほうめん,"direction, district, area; field (of study), sphere, aspect","direction, area; field (e.g. trains bound for X; area of expertise)","direction/orientation, region, range",2,9,東京方面の電車に乗ってください。,Please take the train bound for Tokyo.,1734101291325
捲る,めくる,"to turn over; to turn (pages); to tear off, to strip off","to flip over, to turn (a page or card), to peel back","return/turn over, turn a corner, one's turn",2,9,山札のカードを一枚捲ってください。,Please turn over one card from the deck.,1751291061092
今日中に,きょうじゅうに,"by the end of today, before the day is over","by the end of today, sometime today (deadline; not all day long)",all day long,1,9,今日中にレポートを出してください。,Please hand in the report by the end of today.,1713176189467
地元民,じもとみん,"local people, locals","locals, local residents",souvenir,1,9,地元民に人気のレストランです。,It's a restaurant popular with locals.,1733843903199
社交的,しゃこうてき,sociable,"sociable, outgoing (likes meeting people)",proactive,1,9,姉は社交的で友達が多い。,My older sister is sociable and has lots of friends.,1740776756899
重力,じゅうりょく,"gravity, gravitation, gravitational pull",gravity (physics: gravitational pull),weight,0,9,月の重力は地球の６分の１である。,The moon's gravity is one-sixth of the earth's.,1760017563849
遠足,えんそく,"excursion, outing, school trip","school excursion, outing (a day trip on foot/bus with class)","day trip, travel, business trip",12,8,明日は学校の遠足で山に行きます。,Tomorrow we're going to the mountains on a school trip.,1715329736230
遅刻,ちこく,"lateness, being late, tardiness","lateness, being late (for school/work/appointment)","slow, it gets late",10,8,電車が遅れて、会社に遅刻しました。,"The train was delayed, so I was late for work.",1686517368861
切っ掛け,きっかけ,"trigger, start, cue; chance, opportunity; motive, reason for starting","trigger, spark (what got something started, e.g. how you got into X)","chance/opportunity, reason, start/commencement [cross-check: 'start' as main gloss could prompt 開始-type words; tightened]",5,8,日本語を勉強したきっかけはゲームでした。,Games were what got me started studying Japanese.,1742473741662
貯金,ちょきん,"savings, putting money aside, deposit (e.g. in a bank)","savings (noun; putting money aside, e.g. in a bank)","storage/safekeeping, transitive 'to save up'",3,8,旅行のために貯金しています。,I'm saving money for a trip.,1709563705696
偶に,たまに,"occasionally, once in a while, now and then","occasionally, once in a while (less often than 'sometimes')",sometimes / now and then,3,8,たまに一人で映画を見に行きます。,Once in a while I go to see a movie alone.,1729717061916
様にする,ようにする,"to make sure to, to try to; to do (something) so that ...","to make sure to, to try to (make a habit of)",'try to ~ / be about to ~',2,8,私は人が嫌いにならないようにします。,I try not to come to dislike people.,1739181600005
怪我,けが,"injury, hurt, wound","injury, wound (to get hurt, e.g. in sport)","cut/scratch, damage, breakdown",1,8,サッカーで足に怪我をしました。,I injured my leg playing soccer.,1696190940782
空気,くうき,"air, atmosphere; mood, situation; someone with no presence",air; atmosphere (of a room/group; reading the mood),"mood, ambience, situation",1,8,山の空気はとてもきれいです。,The mountain air is very clean.,1712139417947
結ぶ,むすぶ,"to tie, to bind; to link, to connect; to conclude (e.g. a contract); to bear (fruit)","to tie, to bind (e.g. shoelaces); to link, to connect",to bear (child/blame),1,8,靴のひもを結んでください。,Please tie your shoelaces.,1720180556109
抱負,ほうふ,"aspiration, ambition, plan, hopes (e.g. new year's resolution)","aspiration, resolution (e.g. new year's resolution)","thought/idea, to plan",1,8,彼女の抱負は室内装飾家になることです。,Her ambition is to become an interior decorator.,1768219331845
黒い,くろい,black; dark,black (colour),dark/gloomy,0,8,黒い猫が庭にいます。,There is a black cat in the garden.,1683532368514
食事,しょくじ,"meal, dinner; diet",meal (to eat/have a meal),"dinner, feast",0,8,一緒に食事をしませんか？,Would you like to have a meal together?,1700152002406
巻く,まく,"to wind, to coil, to roll; to wear (e.g. a scarf); to envelop, to shroud","to wind, to wrap around (e.g. a scarf around one's neck)","to wrap up a package, to wear",0,8,寒いのでマフラーを巻きました。,"It was cold, so I wrapped a scarf around my neck.",1710370402108
髪をとかす,かみをとかす,to comb one's hair,to comb one's hair,none (clarity),0,8,毎朝、鏡の前で髪をとかす。,Every morning I comb my hair in front of the mirror.,1718655620589
熟する,じゅくする,"to ripen, to mature; to be the right time (to act); to become skilled","to ripen, to mature (of fruit; also of a plan/timing)","grown-up, to wither",0,8,トマトが赤く熟した。,The tomatoes ripened and turned red.,1721655322461
海外旅行,かいがいりょこう,"trip abroad, overseas travel","overseas travel, trip abroad","domestic travel, business trip",0,8,夏休みに海外旅行をしたいです。,I want to travel abroad during the summer holidays.,1732269503384
転職,てんしょく,"change of job, career change","change of job, career change (moving to a new job)","getting first job, quitting",0,8,来年、IT業界に転職するつもりです。,I'm planning to change jobs to the IT industry next year.,1738786261334
準備,じゅんび,"preparation, arrangements, getting ready, provision","preparation, getting ready (for an event; process of preparing)","'having things ready on hand', 'plans'",7,8,旅行の準備はできましたか？,Are you ready for the trip?,1697748278135
壊れる,こわれる,"to be broken, to break; to fall through, to come to nothing","to break, to be broken (intransitive: a machine stops working)","transitive 'break', 'snap', 'smash', 'a break/rest'",6,8,パソコンが壊れてしまった。,My computer broke.,1722890920401
失敗,しっぱい,"failure, mistake, blunder","failure, to fail (an attempt doesn't succeed)","'mistake/error', 'breakdown', 'difference'",3,8,試験に失敗してしまいました。,I failed the exam.,1731352375417
保管,ほかん,"storage, safekeeping, custody, deposit","storage, safekeeping (keeping items/documents safe)",'savings/deposit',3,8,領収書は必ず保管してください。,Please be sure to keep the receipt.,1770116221913
履く,はく,"to put on, to wear (shoes, trousers, socks, etc.)","to put on, to wear (shoes, trousers, socks: lower body)","upper body, head, accessories, scarf verbs",2,8,新しい靴を履いて出かけました。,I went out wearing my new shoes.,1678998096323
芝生,しばふ,"lawn, grass",lawn (grassed area in a park/garden),'grass/weed',2,8,芝生の上で昼ご飯を食べました。,We ate lunch on the lawn.,1690367797389
決定,けってい,"decision, determination; confirm (button in apps and games)",decision (formal noun; officially settled),"verb 'to decide', 'confirmation'",2,8,旅行の行き先を決定しました。,We decided on the destination for our trip.,1728075762060
電気,でんき,electricity; (electric) light,electricity; electric light (the light in a room),"'light/ray', 'to switch on', 'light' adjectives",1,8,部屋の電気を消してください。,Please turn off the light in the room.,1675423064004
祖父母,そふぼ,grandparents,grandparents (both together),no clashes,1,8,夏休みに祖父母の家に行きます。,I'm going to my grandparents' house in the summer holidays.,1739276624517
数,かず,"number, amount","number, count (how many of something)","'ID number', 'quantity/volume'",0,8,学生の数が増えました。,The number of students has increased.,1707991935463
纏める,まとめる,"to collect, to put together, to consolidate; to summarize; to settle, to finalize, to put in order; to decide","to put together, to summarize; to pack (bags)","'tidy up', 'decide', 'collect/gather'",0,8,荷物を纏めておきました。,I packed my bags in advance.,1712234397624
固い,かたい,"hard, solid, tough; firm, tight; stiff, formal; steadfast, reliable","hard, firm (physically solid, e.g. bread)","'tough/difficult', 'strict', 'tightly'",0,8,このパンは固くて食べにくい。,This bread is hard and difficult to eat.,1720180476061
復習,ふくしゅう,"review (of learned material), revision",review (going over already-learned lessons again),"'evaluation', 'correction', 'change', 'preparation for lessons'",0,8,毎日漢字を復習している。,I review kanji every day.,1731351823358
投稿,とうこう,"post (on social media, a blog, etc.); submission, contribution",post (on social media); submission (to a publication),"'to paste a link', 'seat/post', 'turning in', 'donation'",0,8,旅行の写真をSNSに投稿した。,I posted my travel photos on social media.,1738664034898
預かる,あずかる,"to look after, to take care of, to keep, to hold on to; to be entrusted with, to be put in charge of; to reserve (judgment)","to take charge of, to keep (something entrusted to you, temporarily)","'take care of (a person)', 'keep a pet', 'protect' [cross-check: Main gloss 'look after' clashed with leech お世話する; lead with keeping something entrusted]",0,8,４時まで荷物を預かっていただけませんか。,Could you keep my bags here until four?,1786110046478
丁度,ちょうど,"exactly, precisely, just, right; as if, as though","exactly, just (of time/amount: just now, exactly 1000 yen)","perfectly fitting, only, correct, properly",16,8,電車はちょうど出たところだ。,The train has just left.,1705481669563
消費,しょうひ,"consumption, expenditure","consumption, using up (of fuel, energy, goods)",spend/use,10,8,この車はガソリンをたくさん消費する。,This car consumes a lot of gasoline.,1728481237107
謝る,あやまる,to apologize,to apologize (to someone),apology phrases,8,8,遅れたことを友達に謝った。,I apologized to my friend for being late.,1715329598265
代表する,だいひょうする,to represent,"to represent (act on behalf of, or typify)","expression/representation, typical",4,8,これは日本を代表する絵です。,This is a painting that represents Japan.,1746792322830
両親,りょうしん,"parents, both parents",(both) parents (one's mother and father),"parent, parents' home",3,8,両親は大阪に住んでいます。,My parents live in Osaka.,1682775365679
常識,じょうしき,"common sense; common knowledge, general knowledge",common sense; common knowledge (what everyone should know),"common/general, obvious",3,8,それは常識でしょう。,"That's common sense, isn't it?",1713185077403
取り消す,とりけす,"to cancel, to revoke; to retract, to take back (words, etc.)","to cancel, to revoke, to take back (a booking, one's words)","untie/solve, cancellation noun",3,8,ホテルの予約を取り消した。,I cancelled my hotel reservation.,1719222397784
入れる,いれる,"to put in, to let in, to insert; to include","to put in, to insert (transitive: put something inside)","contain/include, put away",2,8,かばんに財布を入れました。,I put my wallet in my bag.,1669910487141
美容院,びよういん,"beauty salon, hair salon, beauty parlor","hair salon, beauty salon (the place)",hairdresser,2,8,明日、美容院に行きます。,I'm going to the hair salon tomorrow.,1685653196203
浅い,あさい,"shallow, superficial; slight, light (sleep)","shallow, superficial; light (sleep) (not deep)","light (weight/brightness), thin",1,8,この川は浅いので、子供も遊べます。,"This river is shallow, so even children can play in it.",1687265495510
外国語,がいこくご,foreign language,foreign language,loanword,1,8,何か外国語を話せますか？,Can you speak any foreign languages?,1697310786069
空く,あく,"to be empty; to be vacant, to be available, to be free","to become empty, to be vacant, to be free (intransitive: seat, room)","empty adjective, free time",1,8,この席は空いていますか？,Is this seat free?,1715329765082
日焼け,ひやけ,"sunburn, suntan, tan; discoloration from the sun, yellowing","sunburn, suntan (noun: skin darkened by the sun)",to grill/burn/tan verb,1,8,海で一日遊んで日焼けした。,I got sunburnt after playing at the beach all day.,1726135441128
懸念,けねん,"worry, fear, anxiety, concern","concern, apprehension (formal/written: worry about risks)","anxiety, worry, to worry, relation",1,8,世界の航空産業は墜落事故についての懸念を募らせている。,The world's aviation industry is growing increasingly worried about crashes.,1777624513997
紹介,しょうかい,"introduction, presentation; referral","introduction, referral (introducing someone/something to others)","import, submission, presentation, self-introduction",0,8,友達に新しい店を紹介しました。,I introduced a new shop to my friend.,1684916804907
世界中,せかいじゅう,"around the world, throughout the world","all over the world, throughout the world",world,0,8,世界中を旅行したいです。,I want to travel around the world.,1707991664333
集める,あつめる,"to collect, to gather, to assemble","to collect, to gather (transitive: you bring things together)","accumulate, pick up, consolidate",0,8,子供の頃、切手を集めていました。,I used to collect stamps as a child.,1711467248847
~とか,~とか,"such as ~, things like ~; ~ and so on","~ and such, things like ~ (casual listing of examples)",list particles,0,8,私はおすしとかラーメンとか日本料理が好きです。,"I love Japanese food, like sushi, ramen and so on.",1719925195694
片頭痛,へんずつう,migraine,migraine,headache,0,8,片頭痛で仕事を休みました。,I took the day off work because of a migraine.,1732703725599
寄付,きふ,"contribution, donation","donation, contribution (of money to charity)","post/submission, providing",0,8,毎年、赤十字に寄付しています。,I donate to the Red Cross every year.,1749983036427
編集,へんしゅう,"editing, compilation","editing (a video, magazine, book)",no clashes; tightened,9,7,今、動画を編集しています。,I'm editing a video right now.,1733844836299
我慢,がまん,"endurance, patience, perseverance; self-control, self-restraint; to put up with","patience, endurance; to put up with (pain, an urge)",no clashes; trimmed,8,7,痛みを我慢する。,To put up with the pain.,1732269922117
勘違い,かんちがい,"misunderstanding, mistaken idea, wrong guess","wrong assumption, mistaken belief (my own mix-up)",'misunderstanding' of others,9,6,それは私の勘違いでした。,That was my misunderstanding.,1728479863844
態度,たいど,"attitude, manner, behaviour, demeanour; stance, position, stand","attitude, manner, demeanour (how someone behaves toward others)","feeling/mood, condition, seat/stall",8,5,店員の態度が悪かった。,The shop assistant's attitude was bad.,1696505796779
政府,せいふ,"government, administration","government (the governing body, not politics)","politics, administration/management",9,5,政府は新しい法律を作りました。,The government made a new law.,1691013535431
退職する,たいしょくする,"to retire, to resign (from a job)","to retire, to leave one's job (formal: from a company)",quit/resign (general),11,4,父は来年会社を退職します。,My father will retire from his company next year.,1681291345426
疲労,ひろう,"fatigue, weariness","fatigue, exhaustion (noun; formal/medical)",the verb 'to get tired',11,3,毎日残業して疲労がたまっている。,"Working overtime every day, my fatigue is building up.",1725625878781
調査,ちょうさ,"investigation, survey, examination, inquiry","investigation, survey (official/formal inquiry)","research, observation, exam",10,3,警察が事故の原因を調査しています。,The police are investigating the cause of the accident.,1732269542356
季節,きせつ,"season, time of year","season (e.g. spring, summer; time of year)",approximate time/around,8,3,一番好きな季節は秋です。,My favourite season is autumn.,1685652822317
種類,しゅるい,"variety, kind, type, category; counter for kinds","kind, type, variety (category of things)","adjective 'kind', 'change/variation'",16,3,この店にはいろいろな種類のパンがあります。,This shop has many kinds of bread.,1688984082717
破る,やぶる,"to tear, to rip, to break; to defeat, to beat; to break (a promise, rule, record)","to tear, to rip (paper); to break (a promise/rule/record)","to smash, to break (machine), to defeat",10,2,彼は約束を破った。,He broke his promise.,1738663748236
停止,ていし,"stoppage, halt, coming to a stop; suspension, ban","halt, stoppage, suspension (formal noun: of trains, machines, service)",stop (verbs),8,2,電車が駅の前で停止した。,The train came to a stop in front of the station.,1720254893488
自由,じゆう,"freedom, liberty; free (to do as one likes)","freedom, liberty; free (to do as one likes)","free time, free of charge",9,1,週末は自由な時間がたくさんあります。,I have lots of free time on weekends.,1707991822467
試験,しけん,"exam, examination, test; trial, experiment","exam, test (a school/language exam)","survey, experiment, ordeal, to try",8,1,来週、日本語の試験があります。,I have a Japanese exam next week.,1683531993597
振る,ふる,"to wave, to shake, to swing; to turn down, to reject, to dump (a partner); to sprinkle","to wave, to shake; to dump (a partner)","'kick', 'refuse/decline', 'a wave'",11,1,彼女をふる。,to dump one's girlfriend,1729802571945
限定,げんてい,"limit, restriction; limited (edition, time, etc.)","limited, restriction (limited edition / time only)",just barely / at the limit,13,1,季節限定のメニューを頼みました。,I ordered from the limited seasonal menu.,1726514410904
演奏する,えんそうする,"to play (an instrument), to perform (music)","to perform music, to play (an instrument) (formal; any instrument)","play strings, blow, play games, do",8,1,彼はピアノを演奏しました。,He played the piano.,1672259097825
殖える,ふえる,"to increase, to multiply","to multiply, to breed (living things increasing in number)",general 'increase',12,0,池の魚がどんどん殖えた。,The fish in the pond kept multiplying.,1738587265914
授業,じゅぎょう,"lesson, class; teaching, instruction","class, lesson (at school)","'instruction/guidance', 'grade', 'social class'",8,0,今日は授業が三つあります。,I have three classes today.,1672259142085
予約,よやく,"reservation, booking, appointment; contract, subscription","reservation, booking (restaurant, hotel)","'contract', 'promise/appointment'",8,0,レストランを予約しました。,I made a reservation at the restaurant.,1685653137093
恥ずかしい,はずかしい,"embarrassing, embarrassed, ashamed; shy; disgraceful, shameful","embarrassed, ashamed, shy (feeling shame; not cringy)","cringy/painful, shy person",8,0,人前で歌うのは恥ずかしい。,Singing in front of people is embarrassing.,1722890722706
是非,ぜひ,"by all means, certainly, without fail; right and wrong",by all means (strong wish/invitation: please do ~); right and wrong,"NOT A LEECH: hint added so it does not clash with a leech ('without fail, certainly' would prompt leech 必ず)",,,,,1683532837188
確かに,たしかに,"surely, certainly, indeed","certainly, indeed (agreeing: that's true, sure enough)","NOT A LEECH: hint added so it does not clash with a leech ('surely' would prompt leech 屹度 'surely, I bet')",,,,,1708604198804
用意,ようい,"preparation, arrangements, getting ready","getting things ready, arrangements (having items on hand to use)","NOT A LEECH: hint added so it does not clash with a leech (Identical gloss to leech 準備 'preparation, getting ready')",,,,,1725625767556
叩く,たたく,"to hit, to strike, to knock, to beat; to clap, to tap, to pat; to play (drums); to bash, to criticize","to hit, to tap, to slap (open hand/stick); to clap; to play (drums); to bash","NOT A LEECH: hint added so it does not clash with a leech ('to hit, to strike, to beat' would prompt leech 殴る (fist))",,,,,1695898609148
予定を立てる,よていをたてる,"to make a plan, to make plans",to make plans (to set a schedule: what you'll do and when),NOT A LEECH: hint added so it does not clash with a leech (Leech 計画する defines itself as the one-verb 'to plan'; 'to make a plan' prompted it),,,,,1742474489844
燃える,もえる,to burn; to get fired up,to burn (intransitive: something is on fire); to get fired up,NOT A LEECH: hint added so it does not clash with a leech (Plain 'to burn' would prompt transitive leech 燃やす),,,,,1710849080689
誤解,ごかい,misunderstanding,misunderstanding (misreading someone's words or intentions),NOT A LEECH: hint added so it does not clash with a leech (Bare 'misunderstanding' would prompt leech 勘違い),,,,,1777624356491
壊す,こわす,"to break, to destroy, to wreck; to ruin, to damage (e.g. health)","to break, to destroy (transitive: you break it); to ruin (e.g. health)",NOT A LEECH: hint added so it does not clash with a leech ('to break' would prompt intransitive leech 壊れる),,,,,1722890817756
歌,うた,song,"song (sung, with lyrics); singing","NOT A LEECH: hint added so it does not clash with a leech (Leech 曲 defines itself against 歌 (the music, not the lyrics))",,,,,1669910608960
煩雑,はんざつ,"complicated, intricate, complex; troublesome, vexatious","complicated and troublesome (formal: tedious procedures, paperwork)","NOT A LEECH: hint added so it does not clash with a leech ('complicated, intricate, complex' identical to leech 複雑)",,,,,1704317297002
〜つもりです,〜つもりです,to intend to ~; to plan to ~,"to intend to ~, to plan to ~ (a firm intention)",NOT A LEECH: hint added so it does not clash with a leech (Leech volitional+と思っている defines itself as softer than 'intend'),,,,,1680119910780
〜代,〜だい,"charge, fee, cost (e.g. バス代 bus fare)","~ fee, ~ charge (suffix after a noun, e.g. bus fare, phone bill)","NOT A LEECH: hint added so it does not clash with a leech ('charge, fee, cost' would prompt leech 料金; also removes Japanese from back)",,,,,1688244836733
叱る,しかる,"to scold, to chide, to rebuke, to reprimand","to scold, to reprimand (to correct someone, e.g. a parent or teacher)",NOT A LEECH: hint added so it does not clash with a leech ('to scold' would prompt leech 怒る 'to tell off'),,,,,1783505146938
中心地,ちゅうしんち,"center, centre, hub; metropolis","hub, centre (of activity, e.g. a business or tourist centre); metropolis","NOT A LEECH: hint added so it does not clash with a leech ('center, centre' would prompt leech 中央)",,,,,1781785571813
酷い,ひどい,"cruel, harsh; terrible, awful; severe, heavy (e.g. rain); outrageous, unfair","terrible, awful (everyday word); cruel, harsh; severe (e.g. rain)","NOT A LEECH: hint added so it does not clash with a leech (Leading 'cruel, harsh' would prompt leech 残酷)",,,,,1713185318192
傷,きず,"wound, injury, cut; scratch, chip, crack; flaw, defect; (emotional) hurt","a wound, cut, scratch (the damaged spot itself); flaw; emotional hurt","NOT A LEECH: hint added so it does not clash with a leech ('wound, injury' would prompt leech 怪我)",,,,,1744815163206
心理的,しんりてき,"psychological, mental","psychological (e.g. psychological effect, pressure)",NOT A LEECH: hint added so it does not clash with a leech (Leech 精神的 defines itself against 'psychological'; dropped 'mental'),,,,,1739742564548
辛い,つらい,"painful, bitter, heart-breaking; tough, difficult, hard; cruel, harsh, cold","hard to bear, heart-breaking (emotionally painful, tough); cruel, harsh","NOT A LEECH: hint added so it does not clash with a leech ('painful, bitter' would prompt leech 苦しい)",,,,,1701361611273
開く,ひらく,"to open, to undo, to unpack; to bloom, to unfold, to spread out; to hold (a meeting, party, etc.); to open (a business), to found","to open out, to unfold (a book, umbrella); to bloom; to hold (a party)","NOT A LEECH: hint added so it does not clash with a leech ('to open, to undo' would prompt leech 開ける)",,,,,1729200287551
辞める,やめる,"to quit, to resign, to leave (one's job, etc.), to retire","to quit, to resign, to stop (everyday: a job, club, habit)","NOT A LEECH: hint added so it does not clash with a leech ('to leave one's job, to retire' would prompt leech 退職する (formal))",,,,,1686517251063
政治,せいじ,"politics, government","politics, political affairs (not the governing body itself)",NOT A LEECH: hint added so it does not clash with a leech (Leech 政府 defines itself against politics; 'government' prompted it),,,,,1688245048867
止まる,とまる,"to stop, to come to a stop; to cease, to be stopped; to perch on","to stop, to come to a halt (a car, clock, machine); to perch on","NOT A LEECH: hint added so it does not clash with a leech ('to stop, to cease' would prompt leech 止む)",,,,,1715329773609
吃驚,びっくり,"to be surprised, to be amazed, to be startled, to be frightened; surprise (e.g. surprise party)","startled, surprised (casual, e.g. 'you scared me!'); surprise (party)",NOT A LEECH: hint added so it does not clash with a leech (Leech 驚く defines itself against casual startled; 'to be surprised' prompted it),,,,,1707908110912
親,おや,"parent, parents; dealer (in cards, mahjong, etc.); founder, inventor","parent (general word, either one); dealer (cards); founder, inventor",NOT A LEECH: hint added so it does not clash with a leech ('parents' would prompt leech 両親),,,,,1713175660381
