word,reading,word_tags,meaning,example_jp,example_en,lapses_jp_to_en,lapses_en_to_jp,suspended,note_id
性格,せいかく,Noun,"character, personality, disposition, nature",彼はとても明るい性格です。,He has a very cheerful personality.,26,38,no,1703693757990
正解,せいかい,"Noun, Suru verb, Intransitive verb","correct answer, right interpretation; correct, right",正解は三番です。,The correct answer is number three.,1,51,no,1724229476599
提供,ていきょう,"Noun, Suru verb, Transitive verb","offer, providing, supplying, making available; donating (blood, organs, etc.); sponsoring (a TV program)",このホテルは無料で朝食を提供しています。,This hotel provides breakfast free of charge.,12,38,no,1740776336768
成績,せいせき,Noun,"results, grades, marks, record",今学期は成績が上がりました。,My grades went up this semester.,27,18,no,1688245079877
関係,かんけい,"Noun, Suru verb, Intransitive verb, No-adjective","relation, relationship, connection; participation, involvement, concern; influence, effect; sexual relations",それは私とは関係ありません。,That has nothing to do with me.,4,41,no,1707991724116
賛成,さんせい,"Noun, Suru verb, Intransitive verb, No-adjective","approval, agreement, support, favour",私はその意見に賛成です。,I agree with that opinion.,22,23,no,1731352362249
状況,じょうきょう,"Noun, No-adjective","situation, circumstances, state of affairs",今の状況を説明してください。,Please explain the current situation.,2,43,no,1733842606245
協商,きょうしょう,"Noun, Suru verb","negotiation, agreement",両国は協商を結んだ。,The two countries concluded an agreement.,12,33,no,1737467650673
機嫌,きげん,"Noun, Na-adjective","mood, temper, humor; in a good mood, in high spirits, cheery; health, well-being",今日は妻の機嫌が悪い。,My wife is in a bad mood today.,29,15,no,1711467315344
調整,ちょうせい,"Noun, Suru verb, Transitive verb","adjustment, regulation; coordination, reconciliation; tuning",会議の日程を調整します。,I'll coordinate the schedule for the meeting.,14,30,no,1750790787541
必ず,かならず,Adverb,"always, without fail, certainly, necessarily",僕たちはかならず勝つ。,We will definitely win.,33,9,no,1701361974325
宗教,しゅうきょう,Noun,"religion, belief, faith; religious activity",日本にはいろいろな宗教があります。,There are various religions in Japan.,3,38,no,1696505900974
悔しい,くやしい,I-adjective,"frustrating, vexing, annoying, regrettable",負けてて悔しいです。,I'm frustrated that I lost.,13,25,no,1701361446122
詳細,しょうさい,"Noun, Na-adjective","details, particulars, specifics; detailed, specific, minute",詳細はメールで送ります。,I will send the details by email.,2,35,no,1728681216549
清潔,せいけつ,"Noun, Na-adjective","clean, hygienic, sanitary; pure, virtuous",台所はいつも清潔にしています。,I always keep the kitchen clean.,7,29,no,1713184770485
経済,けいざい,Noun,"economy, economics; finance, (one's) finances; being economical, thrift",日本の経済について勉強しています。,I'm studying the Japanese economy.,6,29,no,1703157947634
抜ける,ぬける,"Ichidan verb, Intransitive verb","to come out, to fall out; to be missing, to be omitted; to leave (e.g. a meeting), to escape; to pass through",最近、髪の毛がよく抜ける。,Recently my hair has been falling out a lot.,15,20,no,1744815915509
選ぶ,えらぶ,"Godan verb, Transitive verb","to choose, to select",好きな色を選んでください。,Please choose your favorite color.,23,11,no,1669911007160
投げる,なげる,"Ichidan verb, Transitive verb","to throw, to hurl, to fling, to toss; to give up, to abandon",ボールを投げてください。,Please throw the ball.,13,21,no,1689617370991
正直な,しょうじきな,Na-adjective,"honest, frank, candid, straightforward",彼はとても正直な人です。,He is a very honest person.,20,14,no,1696505881757
親戚,しんせき,Noun,"relative, relation, kin",お正月に親戚が集まります。,My relatives get together at New Year.,2,32,no,1713175804445
変わる,かわる,"Godan verb, Intransitive verb","to change, to be transformed, to vary; to move (to); to be different, to be unusual",この町はずいぶん変わりました。,This town has changed a lot.,7,26,no,1695375384449
広告,こうこく,"Noun, Suru verb, Transitive verb, No-adjective","advertisement, advertising; announcement, notice",新聞で仕事の広告を見ました。,I saw a job advertisement in the newspaper.,9,22,no,1697310810166
料金,りょうきん,Noun,"fee, charge, fare",タクシーの料金はいくらですか？,How much is the taxi fare?,4,27,no,1709563570977
機会,きかい,Noun,"chance, opportunity",去年、日本へ行く機会がありました。,Last year I had a chance to go to Japan.,12,19,no,1725625934704
危険,きけん,"Noun, Na-adjective","danger, peril, hazard; risk",この川で泳ぐのは危険です。,It is dangerous to swim in this river.,7,24,no,1725625984055
税金,ぜいきん,Noun,"tax, duty",毎年、税金を払います。,I pay taxes every year.,9,21,no,1691013579705
提出,ていしゅつ,"Noun, Suru verb, Transitive verb","submission, turning in, filing; presentation (of documents); production (of evidence)",レポートを金曜日までに提出してください。,Please submit the report by Friday.,10,20,no,1744297663466
典型的,てんけいてき,Na-adjective,"typical, representative, archetypal, quintessential",これは典型的な日本の朝ご飯です。,This is a typical Japanese breakfast.,2,27,no,1704746697195
配る,くばる,"Godan verb, Transitive verb","to hand out, to distribute, to deliver, to deal out; to allot, to allocate",先生がテストを配りました。,The teacher handed out the tests.,3,26,no,1711467267842
捕まる,つかまる,"Godan verb, Intransitive verb","to be caught, to be arrested; to hold on to, to grasp; to get (e.g. a taxi)",泥棒が警察に捕まった。,The thief was caught by the police.,4,25,no,1729802553334
緊張する,きんちょうする,"Suru verb, Intransitive verb","to get nervous, to be tense",試験の前はいつも緊張します。,I always get nervous before exams.,19,9,no,1688245555132
合格,ごうかく,"Noun, Suru verb, Intransitive verb","passing (an exam), success; eligibility",弟は大学の試験に合格しました。,My younger brother passed the university exam.,3,25,no,1692675479860
生産,せいさん,"Noun, Suru verb, Transitive verb","production, manufacture",この工場では車を生産しています。,This factory produces cars.,9,19,no,1721654819905
予定,よてい,"Noun, Suru verb, Transitive verb","plans, arrangements, schedule",週末の予定はありますか？,Do you have any plans for the weekend?,9,18,no,1688997654059
就職,しゅうしょく,"Noun, Suru verb, Intransitive verb","finding employment, getting a job",兄は銀行に就職した。,My older brother got a job at a bank.,7,20,no,1718655849310
鑑定,かんてい,"Noun, Suru verb, Transitive verb, No-adjective","appraisal, judgement, expert opinion",この絵を専門家に鑑定してもらった。,I had this painting appraised by an expert.,14,13,no,1728465012246
完成,かんせい,"Noun, Suru verb, Transitive verb, Intransitive verb","completion, complete; perfection, accomplishment",新しい橋がやっと完成した。,The new bridge was finally completed.,4,23,no,1729717691092
催促,さいそく,"Noun, Suru verb, Transitive verb","pressing, urging, demanding; demand",大家さんに家賃の支払いを催促された。,My landlord pressed me to pay the rent.,5,22,no,1744816196139
解消,かいしょう,"Noun, Suru verb, Transitive verb","resolution, cancellation; relief, reduction (e.g. of stress); liquidation",運動はストレス解消になります。,Exercise helps relieve stress.,4,23,no,1755012057612
点ける,つける,"Ichidan verb, Transitive verb","to turn on, to switch on; to light",暗いから電気を点けてください。,"It's dark, so please turn on the light.",10,16,no,1676490617873
別れる,わかれる,"Ichidan verb, Intransitive verb","to break up, to separate (of a couple); to part (from), to say goodbye",彼女は去年彼氏と別れました。,She broke up with her boyfriend last year.,1,25,no,1688245590537
消極的,しょうきょくてき,Na-adjective,"passive, half-hearted, unmotivated; negative",彼は何をするにも消極的だ。,He is passive about everything he does.,11,15,no,1740776773151
優柔不断,ゆうじゅうふだん,"Noun, Na-adjective, No-adjective","indecisiveness, indecision, vacillation; indecisive",私は優柔不断で、なかなか決められない。,I'm indecisive and can never make up my mind.,6,20,no,1740776975565
契約,けいやく,"Noun, Suru verb, Transitive verb","contract, agreement",新しい部屋の契約をしました。,I signed the contract for my new apartment.,2,23,no,1738788286048
丁度,ちょうど,Adverb,"exactly, precisely, just, right; as if, as though",電車はちょうど出たところだ。,The train has just left.,16,8,no,1705481669563
独特,どくとく,"Noun, Na-adjective, No-adjective","unique, characteristic, peculiar; uniqueness",この料理には独特な味がある。,This dish has a unique flavour.,14,10,no,1720698033359
伝える,つたえる,"Ichidan verb, Transitive verb","to convey, to tell, to communicate, to report; to transmit, to propagate; to teach, to bequeath",奥様によろしくお伝えください。,Please give my regards to your wife.,7,17,no,1725625902308
悲観的,ひかんてき,Na-adjective,"pessimistic, gloomy",そんなに悲観的に考えないで。,Don't think so pessimistically.,4,20,no,1740776917268
結局,けっきょく,"Noun, No-adjective, Adverb","after all, in the end, ultimately, eventually; conclusion, end",ゆっくりと着実なのが結局勝つ。,Slow and steady wins the race in the end.,11,13,no,1766093998975
祝日,しゅくじつ,"Noun, No-adjective","national holiday, public holiday",明日は祝日なので、学校は休みです。,"Tomorrow is a national holiday, so there's no school.",3,20,no,1710371592618
気づく,きづく,"Godan verb, Intransitive verb","to notice, to realize, to become aware of, to recognize",財布を忘れたことに気づいた。,I realized I had forgotten my wallet.,6,17,no,1716373151060
抱擁,ほうよう,"Noun, Suru verb, Transitive verb","embrace, hug, holding in one's arms",二人は空港で抱擁した。,The two of them embraced at the airport.,6,17,no,1717730154449
几帳面,きちょうめん,"Noun, Na-adjective","methodical, precise, meticulous, punctual",彼女は几帳面で、いつも時間を守る。,She is meticulous and is always on time.,9,14,no,1740776652554
解決,かいけつ,"Noun, Suru verb, Transitive verb","settlement, solution, resolution",その問題はまだ解決されていない。,The problem is not settled yet.,9,14,no,1781785638596
殆ど,ほとんど,"Noun, Adverb","mostly, nearly, almost; nearly all, most of",ほとんど仕事をしています。,I'm working nearly all the time.,2,20,no,1703196434001
形容詞,けいようし,Noun,adjective; i-adjective (in Japanese grammar),「高い」は形容詞です。,"""Takai"" is an adjective.",1,21,no,1720186265840
事件,じけん,Noun,"incident, event, affair; case (e.g. criminal); scandal",昨日、近所で事件があった。,There was an incident in my neighbourhood yesterday.,8,14,no,1725288613047
面接,めんせつ,"Noun, Suru verb",interview (e.g. for a job),明日、会社の面接があります。,I have a job interview with a company tomorrow.,11,11,no,1732269431258
共聴,きょうちょう,Noun,"shared, community (e.g. shared TV antenna)",このマンションには共聴アンテナがあります。,This apartment building has a shared TV antenna.,3,19,no,1752597335502
精神的,せいしんてき,Na-adjective,"mental, emotional; spiritual",彼の病気は主に精神的な物だった。,His illness was mainly psychological.,6,16,no,1754651565727
降りる,おりる,"Ichidan verb, Intransitive verb","to get off, to alight; to go down, to descend",次の駅で電車を降ります。,I'll get off the train at the next station.,9,12,no,1675423622673
怒る,おこる,"Godan verb, Transitive verb, Intransitive verb","to get angry, to get mad; to tell someone off, to scold",父はすぐ怒ります。,My father gets angry easily.,3,18,no,1695387139434
紛らわしい,まぎらわしい,I-adjective,"confusingly similar, easily mixed up; misleading, ambiguous",この二つの漢字は紛らわしい。,These two kanji are easily confused.,3,18,no,1719839856499
殴る,なぐる,"Godan verb, Transitive verb","to hit, to punch, to strike, to beat",彼は怒って壁を殴った。,He got angry and punched the wall.,2,19,no,1729802445302
障害,しょうがい,Noun,"obstacle, hindrance, difficulty; disability, impairment, disorder; malfunction",システムに障害が発生しました。,A fault has occurred in the system.,8,13,no,1738664998539
~とすれば,~とすれば,"Grammar pattern, Conjunction","if ~, supposing ~, if one were to ~; if so, in that case",選ぶとすれば、僕はこれだな。,"If I had to choose, I'd go with this one.",11,9,no,1710948575962
見つかる,みつかる,"Godan verb, Intransitive verb","to be found, to be discovered",なくした財布が見つかった。,The wallet I lost was found.,2,18,no,1713176013293
遠足,えんそく,"Noun, Suru verb, Intransitive verb","excursion, outing, school trip",明日は学校の遠足で山に行きます。,Tomorrow we're going to the mountains on a school trip.,12,8,no,1715329736230
苦しい,くるしい,I-adjective,"painful, suffering; difficult, tough, hard",彼は過去の苦しい生活を黙想した。,He meditated on his past life of suffering.,7,13,no,1722258614333
共感,きょうかん,"Noun, Suru verb, Intransitive verb, No-adjective","empathy, sympathy; agreeing with someone's feelings",彼の意見に共感しました。,I could relate to his opinion.,1,19,no,1733393630058
詳しい,くわしい,I-adjective,"detailed, full; knowing very well, well-informed (about)",彼は日本の歴史に詳しいです。,He knows a lot about Japanese history.,4,16,no,1733841686122
計算,けいさん,"Noun, Suru verb, Transitive verb","calculation, computation, counting; consideration, expectation, estimation",旅行の総費用を計算してくれますか。,Can you work out the total cost of the trip?,2,18,no,1758352977246
種類,しゅるい,"Noun, Counter","variety, kind, type, category; counter for kinds",この店にはいろいろな種類のパンがあります。,This shop has many kinds of bread.,16,3,no,1688984082717
負ける,まける,"Ichidan verb, Intransitive verb","to lose, to be defeated; to give in, to succumb, to yield",昨日の試合で負けました。,We lost yesterday's match.,5,14,no,1689536576408
捜す,さがす,"Godan verb, Transitive verb","to search for (something lost), to look for; to seek (e.g. a missing person, a suspect)",なくした財布を捜しています。,I'm looking for the wallet I lost.,7,12,no,1706905233831
落とす,おとす,"Godan verb, Transitive verb","to drop, to let fall; to lose; to lower",財布を落としてしまった。,I dropped my wallet.,6,13,no,1722890779182
断る,ことわる,"Godan verb, Transitive verb","to refuse, to decline, to turn down; to give notice, to tell in advance; to ask leave, to excuse oneself",友達の誘いを断りました。,I turned down my friend's invitation.,9,10,no,1743154715411
需要,じゅよう,Noun,"demand (e.g. supply and demand), request",夏はエアコンの需要が増える。,Demand for air conditioners increases in summer.,7,12,no,1744816251702
計画する,けいかくする,"Suru verb, Transitive verb","to plan, to make a plan",夏休みの旅行を計画しています。,I am planning a trip for the summer holidays.,5,13,no,1664922096070
遅刻,ちこく,"Noun, Suru verb, Intransitive verb","lateness, being late, tardiness",電車が遅れて、会社に遅刻しました。,"The train was delayed, so I was late for work.",10,8,no,1686517368861
推薦状,すいせんじょう,Noun,"letter of recommendation, reference; letter of invitation",先生に推薦状を書いてもらった。,I had my teacher write me a letter of recommendation.,2,16,no,1713175814420
恋しい,こいしい,I-adjective,"missed, longed for, yearned for",国の家族が恋しいです。,I miss my family back home.,5,13,no,1722258640404
主人公,しゅじんこう,Noun,"protagonist, main character, hero(ine); head of household",この小説の主人公は高校生です。,The protagonist of this novel is a high school student.,0,18,no,1728076117287
消費,しょうひ,"Noun, Suru verb, Transitive verb","consumption, expenditure",この車はガソリンをたくさん消費する。,This car consumes a lot of gasoline.,10,8,no,1728481237107
努力,どりょく,"Noun, Suru verb, Intransitive verb","effort, exertion, endeavour",毎日努力すれば、上手になります。,"If you make an effort every day, you'll get better.",1,17,no,1738480902324
配置,はいち,"Noun, Suru verb, Transitive verb","arrangement, layout, configuration; deployment, stationing, posting",それぞれのプレイヤーは、テーブルの前に3列×4枚のカードを裏向きにして配置します。,Each player arranges 3 rows of 4 cards face down in front of them on the table.,6,12,no,1751275544945
駐車場,ちゅうしゃじょう,Noun,"parking lot, car park, parking garage",駐車場はどこにありますか？,Where is the parking lot?,1,16,no,1715329699984
燃やす,もやす,"Godan verb, Transitive verb",to burn (something),庭で落ち葉を燃やした。,I burned fallen leaves in the garden.,0,17,no,1722507062787
溜める,ためる,"Ichidan verb, Transitive verb","to save (money), to amass, to accumulate, to store; to leave unpaid",老後のためにお金をためる。,I'm saving money for my old age.,5,12,no,1729802668544
同級生,どうきゅうせい,Noun,classmate,昨日、高校の同級生に会った。,I met a high school classmate yesterday.,1,16,no,1738664489353
自己中心的,じこちゅうしんてき,Na-adjective,"self-centered, egoistic, selfish",自己中心的な人とは付き合いたくない。,I don't want to hang out with self-centered people.,0,17,no,1740776742451
影響,えいきょう,"Noun, Suru verb, Intransitive verb","influence, effect, impact",多くのテレビ番組が子供たちに悪い影響を与えている。,Many TV programmes have a bad influence on children.,3,14,no,1760018750758
開ける,あける,"Ichidan verb, Transitive verb","to open (something), to unlock; to open (for business)",窓を開けてもいいですか？,May I open the window?,0,16,no,1669909066043
着させる,きさせる,"Ichidan verb, Transitive verb","to dress (someone), to make (someone) wear",子供にコートを着させました。,I had my child put on a coat.,3,13,no,1707484057595
奨学金,しょうがくきん,Noun,"scholarship, stipend, bursary; student loan",奨学金をもらって留学した。,I got a scholarship and studied abroad.,0,16,no,1713175796179
謝る,あやまる,Godan verb,to apologize,遅れたことを友達に謝った。,I apologized to my friend for being late.,8,8,no,1715329598265
推測,すいそく,"Noun, Suru verb, Transitive verb, No-adjective","guess, conjecture",それはただの推測です。,That's just a guess.,6,10,no,1720180606555
沸く,わく,"Godan verb, Intransitive verb","to boil, to grow hot (e.g. water); to get excited, to erupt (in cheering); to ferment",お湯が沸いた。,The water has boiled.,2,14,no,1728415220239
完全,かんぜん,"Noun, Na-adjective, No-adjective","perfect, complete",約束を完全に忘れていた。,I completely forgot about the promise.,1,15,no,1728479840889
溜まる,たまる,"Godan verb, Intransitive verb","to collect, to gather, to accumulate, to pile up; to be saved (of money)",仕事のストレスが溜まっています。,Stress from work is building up.,1,15,no,1733842689785
表現,ひょうげん,"Noun, Suru verb, Transitive verb","expression, presentation; representation, notation",自分の気持ちを表現できない。,I can't express my feelings.,4,12,no,1733844388790
〜に因って,〜によって,"Expression, Grammar pattern","depending on; by (means of); due to, because of",国によって、違います。,It differs depending on the country.,1,15,no,1733844488115
編集,へんしゅう,"Noun, Suru verb, Transitive verb","editing, compilation",今、動画を編集しています。,I'm editing a video right now.,9,7,no,1733844836299
集中,しゅうちゅう,"Noun, Suru verb, Intransitive verb","concentration, focusing; convergence, centralization",うるさくて勉強に集中できない。,It's so noisy I can't concentrate on studying.,2,14,no,1738663560782
逃げる,にげる,"Ichidan verb, Intransitive verb","to escape, to run away",猫が窓から逃げた。,The cat escaped through the window.,2,14,no,1738664592348
散らかる,ちらかる,"Godan verb, Intransitive verb","to be messy, to be in disorder; to lie scattered around",部屋は散らかり放題だった。,The room was in total disorder.,2,14,no,1754650774159
警報,けいほう,Noun,"alarm, warning",大雨警報が出ています。,A heavy rain warning has been issued.,4,12,no,1774001320165
退職する,たいしょくする,"Suru verb, Intransitive verb","to retire, to resign (from a job)",父は来年会社を退職します。,My father will retire from his company next year.,11,4,no,1681291345426
準備,じゅんび,"Noun, Suru verb, Transitive verb","preparation, arrangements, getting ready, provision",旅行の準備はできましたか？,Are you ready for the trip?,7,8,no,1697748278135
連絡,れんらく,"Noun, Suru verb, Transitive verb, Intransitive verb","contact, getting in touch, communication; connection (with a train, bus, etc.)",駅に着いたら連絡してください。,Please contact me when you get to the station.,6,9,no,1715329610888
お湯を沸かす,おゆをわかす,"Godan verb, Transitive verb, Expression",to boil water,お湯を沸かして、お茶をいれた。,I boiled some water and made tea.,1,14,no,1718655607983
快適,かいてき,"Noun, Na-adjective","pleasant, agreeable, comfortable",新しい部屋はとても快適です。,The new room is very comfortable.,1,14,no,1722507222530
再生,さいせい,"Noun, Suru verb, Transitive verb, No-adjective","playback (of audio, video); regeneration, revival; rebirth; recycling",この動画を再生してください。,Please play this video.,4,11,no,1725095918344
危める,あやめる,"Ichidan verb, Transitive verb","to kill, to murder; to wound",彼は人を危めた罪で逮捕された。,He was arrested for killing someone.,3,12,no,1726771603820
勘違い,かんちがい,"Noun, Suru verb","misunderstanding, mistaken idea, wrong guess",それは私の勘違いでした。,That was my misunderstanding.,9,6,no,1728479863844
着替える,きかえる,Ichidan verb,to change one's clothes,家に帰ってすぐ着替えた。,I changed my clothes as soon as I got home.,5,10,no,1729802639209
結果,けっか,"Noun, Suru verb, Adverb","result, consequence, outcome, effect; as a result, consequently",結果は気にするな。,Don't worry about the results.,4,11,no,1730229466726
我慢,がまん,"Noun, Suru verb, Transitive verb","endurance, patience, perseverance; self-control, self-restraint; to put up with",痛みを我慢する。,To put up with the pain.,8,7,no,1732269922117
現金,げんきん,"Noun, Na-adjective","cash, ready money; mercenary, calculating",この店は現金しか使えません。,This shop only takes cash.,1,14,no,1737237099043
金額,きんがく,Noun,"amount of money, sum of money",請求書の金額を確認してください。,Please check the amount on the invoice.,3,12,no,1740776267797
郊外,こうがい,Noun,"suburbs, outskirts",私たちは郊外に住んでいます。,We live in the suburbs.,5,10,no,1746200517391
行事,ぎょうじ,Noun,"event, function",学校の行事に参加しました。,I took part in a school event.,1,14,no,1751895033062
政府,せいふ,Noun,"government, administration",政府は新しい法律を作りました。,The government made a new law.,9,5,no,1691013535431
内容,ないよう,Noun,"contents, content, substance, matter",この本の内容はとても面白いです。,The contents of this book are very interesting.,2,12,no,1702288557990
調べる,しらべる,"Ichidan verb, Transitive verb","to look up, to check; to examine, to investigate; to search, to study",分からない言葉を辞書で調べます。,I look up words I don't know in the dictionary.,0,14,no,1708344807967
初日,しょにち,"Noun, Adverb","first day, opening day",仕事の初日はとても緊張した。,I was very nervous on my first day at work.,4,10,no,1712234511662
貸す,かす,"Godan verb, Transitive verb","to lend, to loan; to rent out, to hire out",友達に本を貸しました。,I lent a book to a friend.,2,12,no,1714330780076
中級,ちゅうきゅう,"Noun, No-adjective",intermediate level,今は中級の日本語を勉強しています。,I'm currently studying intermediate Japanese.,2,12,no,1719839163954
人生,じんせい,Noun,"(human) life, one's lifetime",人生は一度しかない。,You only live once.,0,14,no,1722339135550
壊れる,こわれる,"Ichidan verb, Intransitive verb","to be broken, to break; to fall through, to come to nothing",パソコンが壊れてしまった。,My computer broke.,6,8,no,1722890920401
疲労,ひろう,"Noun, Suru verb, Intransitive verb","fatigue, weariness",毎日残業して疲労がたまっている。,"Working overtime every day, my fatigue is building up.",11,3,no,1725625878781
限定,げんてい,"Noun, Suru verb, Transitive verb, No-adjective","limit, restriction; limited (edition, time, etc.)",季節限定のメニューを頼みました。,I ordered from the limited seasonal menu.,13,1,no,1726514410904
攻撃,こうげき,"Noun, Suru verb, Transitive verb","attack, assault, raid, offensive; criticism, censure",敵が町を攻撃した。,The enemy attacked the town.,0,14,no,1728481754738
基本,きほん,"Noun, No-adjective","basics, fundamentals, basis, foundation",まず基本から勉強しましょう。,Let's study the basics first.,2,12,no,1729200132685
何度も,なんども,Adverb,"many times, over and over; often",何度も電話したのに、出ませんでした。,"I called many times, but he didn't answer.",1,13,no,1731352567835
優勝,ゆうしょう,"Noun, Suru verb, Intransitive verb","overall victory, championship, winning first place",大会で優勝しました。,We won the championship at the tournament.,4,10,no,1732270104792
慌ただしい,あわただしい,I-adjective,"busy, hectic, hurried; confused, flurried",年末はいつも慌ただしい。,The end of the year is always hectic.,4,10,no,1742474059542
手続,てつづき,Noun,"procedure, process, formalities",車を買う手続は難しいですね。,"The procedure for buying a car is difficult, isn't it?",2,12,no,1743422741924
叫ぶ,さけぶ,"Godan verb, Intransitive verb","to shout, to scream, to yell, to cry; to clamor (for or against)",彼は助けを求めて叫んだ。,He shouted for help.,0,14,no,1744815036678
往復,おうふく,"Noun, Suru verb, Intransitive verb, No-adjective","round trip, going and returning; round-trip ticket; exchange (of letters), correspondence; visiting one another",東京まで往復で二万円かかります。,"A round trip to Tokyo costs 20,000 yen.",4,10,no,1750237388662
殺す,ころす,"Godan verb, Transitive verb","to kill, to murder, to slay; to suppress, to hold back (feelings, voice); to spoil (e.g. a flavour)",おまえはオレを殺そうとしている。,You are trying to kill me.,2,12,no,1768218620697
お正月,おしょうがつ,Noun,New Year (esp. first three days),お正月に家族と神社に行きました。,I went to a shrine with my family at New Year.,0,13,no,1672254300104
態度,たいど,Noun,"attitude, manner, behaviour, demeanour; stance, position, stand",店員の態度が悪かった。,The shop assistant's attitude was bad.,8,5,no,1696505796779
世紀,せいき,"Noun, No-adjective",century; era; of the century (e.g. fight of the century),このお寺は八世紀に建てられました。,This temple was built in the eighth century.,0,13,no,1707686521892
家具,かぐ,Noun,furniture,新しい家具を買いました。,I bought new furniture.,0,13,no,1708344417115
締め切り,しめきり,"Noun, No-adjective","deadline, closing, cut-off, end; closed (door, window, etc.)",レポートの締め切りは金曜日です。,The deadline for the report is Friday.,0,13,no,1708344488104
習慣,しゅうかん,Noun,"habit; (social) custom, practice, convention",毎朝走るのが習慣です。,Running every morning is my habit.,1,12,no,1708344505601
下ろす,おろす,"Godan verb, Transitive verb","to withdraw (money); to take down, to lower; to drop off (a passenger), to unload; to use or wear for the first time",銀行でお金を下ろしました。,I withdrew money at the bank.,1,12,no,1708344643650
慣れる,なれる,"Ichidan verb, Intransitive verb","to get used to, to grow accustomed to; to become skilled in",日本の生活にもう慣れました。,I've already gotten used to life in Japan.,1,12,no,1718655813383
輸出,ゆしゅつ,"Noun, Suru verb, Transitive verb","export, exportation",この国は車を輸出しています。,This country exports cars.,3,10,no,1720180515786
帝国,ていこく,"Noun, No-adjective",empire; imperial,ローマ帝国は長く続いた。,The Roman Empire lasted a long time.,4,9,no,1720768901479
届ける,とどける,"Ichidan verb, Transitive verb","to deliver, to send; to report, to notify",この荷物を友達に届けてください。,Please deliver this package to my friend.,1,12,no,1721655771614
止む,やむ,"Godan verb, Intransitive verb","to stop, to cease, to be over",雨が止んだら出かけよう。,Let's go out once the rain stops.,0,13,no,1724769697254
屹度,きっと,Adverb,"surely, undoubtedly, most likely; sternly, severely",彼はきっと来るでしょう。,He will surely come.,4,9,no,1725627968183
任せる,まかせる,"Ichidan verb, Transitive verb","to entrust (e.g. a task) to another, to leave to; to let something take its natural course; to rely on (one's strength, etc.)",その仕事は私に任せてください。,Please leave that job to me.,3,10,no,1727044556235
不思議,ふしぎ,"Noun, Na-adjective, Adverb","mysterious, strange, wonderful, incredible; strangely enough, oddly enough, for some reason",それは不思議な話だ。,That's a strange story.,0,13,no,1728383874836
獲得,かくとく,"Noun, Suru verb, Transitive verb, No-adjective","acquisition, possession, winning",彼は金メダルを獲得した。,He won a gold medal.,3,10,no,1728480792505
調査,ちょうさ,"Noun, Suru verb, Transitive verb","investigation, survey, examination, inquiry",警察が事故の原因を調査しています。,The police are investigating the cause of the accident.,10,3,no,1732269542356
同情,どうじょう,"Noun, Suru verb, Intransitive verb","sympathy, compassion, pity",友達に同情する。,To sympathise with one's friend.,3,10,no,1732269960622
知識,ちしき,Noun,"knowledge, information",彼はコンピューターの知識が豊富です。,He has a wealth of knowledge about computers.,1,12,no,1733844427012
最終日,さいしゅうび,Noun,"last day, final day",今日は旅行の最終日です。,Today is the last day of the trip.,0,13,no,1735921919723
個性的,こせいてき,Na-adjective,"distinctive, unique, individual, characteristic",彼の絵はとても個性的です。,His paintings are very distinctive.,1,12,no,1740776686479
独創的,どくそうてき,Na-adjective,"creative, original",彼女はいつも独創的なアイデアを出す。,She always comes up with original ideas.,0,13,no,1740776883470
切っ掛け,きっかけ,Noun,"trigger, start, cue; chance, opportunity; motive, reason for starting",日本語を勉強したきっかけはゲームでした。,Games were what got me started studying Japanese.,5,8,no,1742473741662
掴む,つかむ,"Godan verb, Transitive verb","to grab, to grasp, to seize, to grip; to obtain, to win; to understand, to comprehend",彼は私の腕を掴んだ。,He grabbed my arm.,1,12,no,1744816282391
充実する,じゅうじつする,"Suru verb, Intransitive verb","to be fulfilling, to be productive; to be full, to be substantial; to be well-equipped",今年の夏休みはとても充実していました。,This year's summer holiday was very fulfilling.,4,9,no,1748888036800
有効期限,ゆうこうきげん,Noun,"expiration date, expiry date; term of validity",このカードの有効期限は来月までです。,This card is valid until next month.,1,12,no,1750237415676
観察,かんさつ,"Noun, Suru verb, Transitive verb","observation, survey, watching",科学は観察に基づいている。,Science rests upon observation.,2,11,no,1780476449472
曲,きょく,"Noun, Suffix","piece of music, song, track; tune, melody",この曲が大好きです。,I love this song.,0,12,no,1672258981277
何でも,なんでも,"Adverb, Expression","anything, whatever, whatever one likes; I hear, they say",何でも好きなものを食べてください。,Please eat whatever you like.,2,10,no,1686087023687
給料,きゅうりょう,Noun,"salary, wages, pay",給料日は毎月二十五日です。,Payday is the 25th of every month.,2,10,no,1718655360873
懐かしい,なつかしい,I-adjective,"nostalgic; dear (old), fondly remembered, missed",この歌はとても懐かしい。,This song is really nostalgic.,0,12,no,1719565984915
片付ける,かたづける,"Ichidan verb, Transitive verb","to tidy up, to put in order, to put away; to settle (a problem); to finish",部屋を片付けなさい。,Tidy up your room.,0,12,no,1722890900756
盗む,ぬすむ,"Godan verb, Transitive verb",to steal,その男が財布を盗むのを見た。,I saw that man steal the wallet.,3,9,no,1729802483795
振る,ふる,"Godan verb, Transitive verb","to wave, to shake, to swing; to turn down, to reject, to dump (a partner); to sprinkle",彼女をふる。,to dump one's girlfriend,11,1,no,1729802571945
後輩,こうはい,Noun,"junior (at work, school, etc.), younger student",後輩と一緒に昼ご飯を食べました。,I ate lunch with my junior.,3,9,no,1731351892155
不満,ふまん,"Noun, Na-adjective","dissatisfaction, discontent, displeasure, complaint",今の給料に不満があります。,I'm dissatisfied with my current salary.,2,10,no,1733393440379
公共,こうきょう,"Noun, No-adjective","public (facilities, service, etc.), communal",公共の場所では静かにしましょう。,Let's be quiet in public places.,0,12,no,1733844011472
〜ことにする/〜ことにしている,〜ことにする/〜ことにしている,"Expression, Grammar pattern",to decide to ~; to make it a rule to ~,車を買うことにしました。,I've decided to buy a car.,0,12,no,1735641174719
署名,しょめい,"Noun, Suru verb",signature,ここに署名してください。,Please sign here.,0,12,no,1737125777964
殖える,ふえる,"Ichidan verb, Intransitive verb","to increase, to multiply",池の魚がどんどん殖えた。,The fish in the pond kept multiplying.,12,0,no,1738587265914
破る,やぶる,"Godan verb, Transitive verb","to tear, to rip, to break; to defeat, to beat; to break (a promise, rule, record)",彼は約束を破った。,He broke his promise.,10,2,no,1738663748236
役に立つ,やくにたつ,"Godan verb, Intransitive verb, Expression","to be useful, to be helpful",この辞書はとても役に立つ。,This dictionary is very useful.,2,10,no,1738664704622
霧雨,きりさめ,Noun,"drizzle, light rain",朝から霧雨が降っている。,It's been drizzling since this morning.,0,12,no,1741350198629
暫く,しばらく,"Adverb, Interjection","for a while, for some time; for a moment; for now, for the time being; long time no see",しばらくここにいるつもりです。,I plan on being here for a while.,0,12,no,1742474670614
代表する,だいひょうする,"Suru verb, Transitive verb",to represent,これは日本を代表する絵です。,This is a painting that represents Japan.,4,8,no,1746792322830
成功,せいこう,"Noun, Suru verb, Intransitive verb","success, achievement; prosperity",成功。おめでとうございます。,Success! Congratulations.,1,11,no,1782914182691
交通手段,こうつうしゅだん,Noun,"means of transportation, way of getting around",東京で一番便利な交通手段は電車です。,The most convenient means of transportation in Tokyo is the train.,1,10,no,1664922388992
両親,りょうしん,Noun,"parents, both parents",両親は大阪に住んでいます。,My parents live in Osaka.,3,8,no,1682775365679
複雑,ふくざつ,"Noun, Na-adjective","complex, complicated, intricate; mixed (feelings)",この問題は複雑すぎます。,This problem is too complicated.,2,9,no,1704372248010
貯金,ちょきん,"Noun, Suru verb","savings, putting money aside, deposit (e.g. in a bank)",旅行のために貯金しています。,I'm saving money for a trip.,3,8,no,1709563705696
常識,じょうしき,Noun,"common sense; common knowledge, general knowledge",それは常識でしょう。,"That's common sense, isn't it?",3,8,no,1713185077403
付ける,つける,"Ichidan verb, Transitive verb","to attach, to fasten, to add; to put on, to wear; to apply (e.g. ointment); to write down, to keep (a diary)",毎日日記を付けています。,I keep a diary every day.,0,11,no,1715329578516
滑る,すべる,"Godan verb, Intransitive verb","to slide, to slip, to glide; to fail (an exam); to bomb (of a joke)",雪の道で滑って転んだ。,I slipped and fell on the snowy road.,1,10,no,1715890274755
取り消す,とりけす,"Godan verb, Transitive verb","to cancel, to revoke; to retract, to take back (words, etc.)",ホテルの予約を取り消した。,I cancelled my hotel reservation.,3,8,no,1719222397784
侵入,しんにゅう,"Noun, Suru verb, Intransitive verb, No-adjective","invasion, incursion, raid; intrusion, trespass",泥棒が窓から家に侵入した。,A burglar broke into the house through the window.,1,10,no,1720768928699
汚れる,よごれる,"Ichidan verb, Intransitive verb","to get dirty, to become dirty; to become sullied, to become corrupted",雨で靴が汚れた。,My shoes got dirty in the rain.,0,11,no,1722890931748
部長,ぶちょう,Noun,"department head, director; head of a school club or team",部長に会議の結果を報告した。,I reported the results of the meeting to the department head.,0,11,no,1726514976409
(volitional)〜おうと思っている,(volitional)〜おうとおもっている,"Expression, Grammar pattern","to be thinking of doing ~, to intend to ~",日本の会社で働こうと思っています。,I'm thinking of working for a Japanese company.,1,10,no,1727731817671
偶に,たまに,Adverb,"occasionally, once in a while, now and then",たまに一人で映画を見に行きます。,Once in a while I go to see a movie alone.,3,8,no,1729717061916
運ぶ,はこぶ,"Godan verb, Transitive verb, Intransitive verb","to carry, to transport, to move, to convey; to go (well), to proceed, to progress",荷物を運ぶ。,To carry luggage.,0,11,no,1731352109447
失敗,しっぱい,"Noun, Suru verb, Intransitive verb, No-adjective","failure, mistake, blunder",試験に失敗してしまいました。,I failed the exam.,3,8,no,1731352375417
倒れる,たおれる,"Ichidan verb, Intransitive verb","to fall (over, down), to collapse, to topple; to be confined to bed, to break down (from overwork); to go bankrupt, to fail; to be overthrown",強い風で木が倒れました。,A tree fell over in the strong wind.,2,9,no,1733843691075
方面,ほうめん,"Noun, Suffix","direction, district, area; field (of study), sphere, aspect",東京方面の電車に乗ってください。,Please take the train bound for Tokyo.,2,9,no,1734101291325
受け継ぐ,うけつぐ,"Godan verb, Transitive verb","to inherit, to succeed (to), to take over",彼は父の店を受け継いだ。,He took over his father's shop.,2,9,no,1742474220260
中央,ちゅうおう,"Noun, No-adjective","centre, center, middle, heart; capital city, metropolis; central government",部屋の中央にテーブルがあります。,There is a table in the centre of the room.,0,11,no,1750237536397
捲る,めくる,"Godan verb, Transitive verb","to turn over; to turn (pages); to tear off, to strip off",山札のカードを一枚捲ってください。,Please turn over one card from the deck.,2,9,no,1751291061092
合計,ごうけい,"Noun, Suru verb, Transitive verb","total, sum total, total amount",合計で三千円です。,"That comes to 3,000 yen in total.",2,9,no,1751291191414
稼ぐ,かせぐ,"Godan verb, Transitive verb, Intransitive verb","to earn (income), to make (money); to gain (time), to score (points); to work hard",私は自分の生活費を稼がなくてはならない。,I have to earn my own living.,1,10,no,1754651051515
近づく,ちかづく,"Godan verb, Intransitive verb","to approach, to draw near, to get close; to get acquainted with, to get to know",クリスマスが近づいてきた。,Christmas is approaching.,1,10,no,1759415592282
保管,ほかん,"Noun, Suru verb, Transitive verb","storage, safekeeping, custody, deposit",領収書は必ず保管してください。,Please be sure to keep the receipt.,3,8,no,1770116221913
残酷,ざんこく,"Noun, Na-adjective","cruel, brutal, ruthless, merciless",怪物は残酷な微笑みを浮かべた。,The monster gave a cruel smile.,1,10,no,1778684020400
入れる,いれる,"Ichidan verb, Transitive verb","to put in, to let in, to insert; to include",かばんに財布を入れました。,I put my wallet in my bag.,2,8,no,1669910487141
履く,はく,"Godan verb, Transitive verb","to put on, to wear (shoes, trousers, socks, etc.)",新しい靴を履いて出かけました。,I went out wearing my new shoes.,2,8,no,1678998096323
お世話する,おせわする,"Suru verb, Transitive verb","to look after, to take care of",週末は姉の子供をお世話します。,I look after my sister's kids on weekends.,0,10,no,1682802151408
美容院,びよういん,Noun,"beauty salon, hair salon, beauty parlor",明日、美容院に行きます。,I'm going to the hair salon tomorrow.,2,8,no,1685653196203
芝生,しばふ,Noun,"lawn, grass",芝生の上で昼ご飯を食べました。,We ate lunch on the lawn.,2,8,no,1690367797389
自由,じゆう,"Noun, Na-adjective","freedom, liberty; free (to do as one likes)",週末は自由な時間がたくさんあります。,I have lots of free time on weekends.,9,1,no,1707991822467
今日中に,きょうじゅうに,Adverb,"by the end of today, before the day is over",今日中にレポートを出してください。,Please hand in the report by the end of today.,1,9,no,1713176189467
発音,はつおん,"Noun, Suru verb, Transitive verb",pronunciation; production of sound,日本語の発音は難しいですか？,Is Japanese pronunciation difficult?,0,10,no,1719839824706
輸入,ゆにゅう,"Noun, Suru verb, Transitive verb","import, importation; introduction",日本は多くの食料を輸入しています。,Japan imports a lot of food.,0,10,no,1720180505010
停止,ていし,"Noun, Suru verb, Intransitive verb","stoppage, halt, coming to a stop; suspension, ban",電車が駅の前で停止した。,The train came to a stop in front of the station.,8,2,no,1720254893488
決定,けってい,"Noun, Suru verb, Transitive verb","decision, determination; confirm (button in apps and games)",旅行の行き先を決定しました。,We decided on the destination for our trip.,2,8,no,1728075762060
終了,しゅうりょう,"Noun, Suru verb, Transitive verb, Intransitive verb","end, close, termination",試合は五時に終了した。,The match ended at five o'clock.,0,10,no,1728481470499
驚く,おどろく,"Godan verb, Intransitive verb","to be surprised, to be astonished",その知らせに驚いた。,I was surprised by the news.,0,10,no,1730233060435
老後,ろうご,Noun,"old age, life after retirement",老後のためにお金を貯めています。,I'm saving money for my old age.,0,10,no,1731922761795
蠍,さそり,Noun,scorpion,砂漠でサソリを見ました。,I saw a scorpion in the desert.,0,10,no,1733843451564
地元民,じもとみん,Noun,"local people, locals",地元民に人気のレストランです。,It's a restaurant popular with locals.,1,9,no,1733843903199
拘り,こだわり,Noun,"particularity, fussiness; obsession, fixation; speciality (of a shop)",私は食べ物にこだわりがあります。,I'm particular about food.,0,10,no,1736513941765
様にする,ようにする,"Suru verb, Expression","to make sure to, to try to; to do (something) so that ...",私は人が嫌いにならないようにします。,I try not to come to dislike people.,2,8,no,1739181600005
社交的,しゃこうてき,Na-adjective,sociable,姉は社交的で友達が多い。,My older sister is sociable and has lots of friends.,1,9,no,1740776756899
行動,こうどう,"Noun, Suru verb, Intransitive verb, No-adjective","action, conduct, behavior; mobilization",言葉より行動が大切だ。,Actions are more important than words.,0,10,no,1741556735317
保証,ほしょう,"Noun, Suru verb, Transitive verb","guarantee, assurance, security; warranty",彼女の誠実さは私が保証します。,I can vouch for her sincerity.,1,9,no,1758352472354
特徴,とくちょう,Noun,"feature, trait, characteristic, peculiarity",この車の特徴は何ですか？,What are the features of this car?,0,10,no,1766094067043
後半,こうはん,Noun,"second half, latter half",映画の後半はとてもおもしろかった。,The second half of the movie was really interesting.,0,10,no,1766094603342
共有,きょうゆう,"Noun, Suru verb, Transitive verb","sharing, joint ownership, co-ownership; sharing (files, posts on social media, etc.)",ケンは兄と部屋を共有している。,Ken shares a room with his older brother.,1,9,no,1770116553912
演奏する,えんそうする,"Suru verb, Transitive verb","to play (an instrument), to perform (music)",彼はピアノを演奏しました。,He played the piano.,8,1,no,1672259097825
電気,でんき,Noun,electricity; (electric) light,部屋の電気を消してください。,Please turn off the light in the room.,1,8,no,1675423064004
試験,しけん,"Noun, Suru verb, Transitive verb","exam, examination, test; trial, experiment",来週、日本語の試験があります。,I have a Japanese exam next week.,8,1,no,1683531993597
浅い,あさい,I-adjective,"shallow, superficial; slight, light (sleep)",この川は浅いので、子供も遊べます。,"This river is shallow, so even children can play in it.",1,8,no,1687265495510
崖,がけ,Noun,"cliff, precipice; brink (of a dangerous situation)",崖の近くは危ないです。,It's dangerous near the cliff.,0,9,no,1694637714356
怪我,けが,"Noun, Suru verb, Intransitive verb","injury, hurt, wound",サッカーで足に怪我をしました。,I injured my leg playing soccer.,1,8,no,1696190940782
外国語,がいこくご,Noun,foreign language,何か外国語を話せますか？,Can you speak any foreign languages?,1,8,no,1697310786069
伝統的,でんとうてき,Na-adjective,"traditional, conventional",京都には伝統的な建物が多いです。,There are many traditional buildings in Kyoto.,0,9,no,1706707334210
空気,くうき,Noun,"air, atmosphere; mood, situation; someone with no presence",山の空気はとてもきれいです。,The mountain air is very clean.,1,8,no,1712139417947
空く,あく,"Godan verb, Intransitive verb","to be empty; to be vacant, to be available, to be free",この席は空いていますか？,Is this seat free?,1,8,no,1715329765082
髭を剃る,ひげをそる,"Godan verb, Transitive verb, Expression",to shave (one's beard),父は毎朝髭を剃る。,My father shaves every morning.,0,9,no,1718655668539
結ぶ,むすぶ,"Godan verb, Transitive verb","to tie, to bind; to link, to connect; to conclude (e.g. a contract); to bear (fruit)",靴のひもを結んでください。,Please tie your shoelaces.,1,8,no,1720180556109
日焼け,ひやけ,"Noun, Suru verb, Intransitive verb","sunburn, suntan, tan; discoloration from the sun, yellowing",海で一日遊んで日焼けした。,I got sunburnt after playing at the beach all day.,1,8,no,1726135441128
祖父母,そふぼ,Noun,grandparents,夏休みに祖父母の家に行きます。,I'm going to my grandparents' house in the summer holidays.,1,8,no,1739276624517
楽観的,らっかんてき,Na-adjective,"optimistic, hopeful",彼はいつも楽観的に物事を考える。,He always looks at things optimistically.,0,9,no,1740777013038
重力,じゅうりょく,Noun,"gravity, gravitation, gravitational pull",月の重力は地球の６分の１である。,The moon's gravity is one-sixth of the earth's.,0,9,no,1760017563849
地球,ちきゅう,Noun,"Earth, the globe",汚染が地球を傷つけている。,Pollution is damaging the earth.,0,9,no,1760017874992
抱負,ほうふ,Noun,"aspiration, ambition, plan, hopes (e.g. new year's resolution)",彼女の抱負は室内装飾家になることです。,Her ambition is to become an interior decorator.,1,8,no,1768219331845
懸念,けねん,"Noun, Suru verb, Transitive verb","worry, fear, anxiety, concern",世界の航空産業は墜落事故についての懸念を募らせている。,The world's aviation industry is growing increasingly worried about crashes.,1,8,no,1777624513997
授業,じゅぎょう,"Noun, Suru verb","lesson, class; teaching, instruction",今日は授業が三つあります。,I have three classes today.,8,0,no,1672259142085
黒い,くろい,I-adjective,black; dark,黒い猫が庭にいます。,There is a black cat in the garden.,0,8,no,1683532368514
紹介,しょうかい,"Noun, Suru verb, Transitive verb","introduction, presentation; referral",友達に新しい店を紹介しました。,I introduced a new shop to my friend.,0,8,no,1684916804907
予約,よやく,"Noun, Suru verb, Transitive verb","reservation, booking, appointment; contract, subscription",レストランを予約しました。,I made a reservation at the restaurant.,8,0,no,1685653137093
食事,しょくじ,"Noun, Suru verb, Intransitive verb","meal, dinner; diet",一緒に食事をしませんか？,Would you like to have a meal together?,0,8,no,1700152002406
世界中,せかいじゅう,"Noun, No-adjective","around the world, throughout the world",世界中を旅行したいです。,I want to travel around the world.,0,8,no,1707991664333
数,かず,Noun,"number, amount",学生の数が増えました。,The number of students has increased.,0,8,no,1707991935463
巻く,まく,"Godan verb, Transitive verb","to wind, to coil, to roll; to wear (e.g. a scarf); to envelop, to shroud",寒いのでマフラーを巻きました。,"It was cold, so I wrapped a scarf around my neck.",0,8,no,1710370402108
集める,あつめる,"Ichidan verb, Transitive verb","to collect, to gather, to assemble",子供の頃、切手を集めていました。,I used to collect stamps as a child.,0,8,no,1711467248847
纏める,まとめる,"Ichidan verb, Transitive verb","to collect, to put together, to consolidate; to summarize; to settle, to finalize, to put in order; to decide",荷物を纏めておきました。,I packed my bags in advance.,0,8,no,1712234397624
髪をとかす,かみをとかす,"Godan verb, Transitive verb, Expression",to comb one's hair,毎朝、鏡の前で髪をとかす。,Every morning I comb my hair in front of the mirror.,0,8,no,1718655620589
~とか,~とか,"Grammar pattern, Particle","such as ~, things like ~; ~ and so on",私はおすしとかラーメンとか日本料理が好きです。,"I love Japanese food, like sushi, ramen and so on.",0,8,no,1719925195694
固い,かたい,I-adjective,"hard, solid, tough; firm, tight; stiff, formal; steadfast, reliable",このパンは固くて食べにくい。,This bread is hard and difficult to eat.,0,8,no,1720180476061
熟する,じゅくする,"Suru verb, Intransitive verb","to ripen, to mature; to be the right time (to act); to become skilled",トマトが赤く熟した。,The tomatoes ripened and turned red.,0,8,no,1721655322461
恥ずかしい,はずかしい,I-adjective,"embarrassing, embarrassed, ashamed; shy; disgraceful, shameful",人前で歌うのは恥ずかしい。,Singing in front of people is embarrassing.,8,0,no,1722890722706
復習,ふくしゅう,"Noun, Suru verb, Transitive verb","review (of learned material), revision",毎日漢字を復習している。,I review kanji every day.,0,8,no,1731351823358
海外旅行,かいがいりょこう,Noun,"trip abroad, overseas travel",夏休みに海外旅行をしたいです。,I want to travel abroad during the summer holidays.,0,8,no,1732269503384
片頭痛,へんずつう,Noun,migraine,片頭痛で仕事を休みました。,I took the day off work because of a migraine.,0,8,no,1732703725599
投稿,とうこう,"Noun, Suru verb, Transitive verb","post (on social media, a blog, etc.); submission, contribution",旅行の写真をSNSに投稿した。,I posted my travel photos on social media.,0,8,no,1738664034898
転職,てんしょく,"Noun, Suru verb, Intransitive verb","change of job, career change",来年、IT業界に転職するつもりです。,I'm planning to change jobs to the IT industry next year.,0,8,no,1738786261334
寄付,きふ,"Noun, Suru verb, Transitive verb","contribution, donation",毎年、赤十字に寄付しています。,I donate to the Red Cross every year.,0,8,no,1749983036427
預かる,あずかる,"Godan verb, Transitive verb","to look after, to take care of, to keep, to hold on to; to be entrusted with, to be put in charge of; to reserve (judgment)",４時まで荷物を預かっていただけませんか。,Could you keep my bags here until four?,0,8,no,1786110046478
